frame,x,y
0,1077,502
1,1076,499
2,1076,498
3,1076,498
4,1076,497
5,1075,498
6,1074,501
7,1074,501
8,1074,503
9,1074,503
10,1071,505
11,1072,507
12,1074,506
13,1076,506
14,1076,507
15,1076,508
16,1075,508
17,1074,509
18,1073,512
19,1071,517
20,1069,523
21,1068,524
22,1065,525
23,1059,525
24,1051,530
25,1043,532
26,1032,527
27,1028,525
28,1021,530
29,1027,530
30,1025,539
31,1022,542
32,1008,543
33,1003,543
34,999,540
35,996,535
36,1008,538
37,1010,540
38,996,524
39,991,518
40,991,514
41,998,513
42,995,514
43,995,514
44,992,515
45,991,514
46,991,524
47,992,522
48,995,523
49,990,524
52,988,523
53,997,529
54,995,515
56,993,530
57,993,522
58,995,515
59,1001,504
60,1002,502
61,1002,497
64,1010,494
65,1014,491
66,1021,489
67,1025,490
68,1034,479
69,1037,476
70,1039,485
71,1043,486
72,1050,482
73,1053,475
74,1062,466
75,1066,464
76,1071,461
77,1076,460
78,1075,455
79,1081,453
80,1081,452
81,1081,452
82,1084,441
83,1088,437
84,1091,439
85,1091,449
86,1093,450
87,1094,450
88,1097,451
89,1097,450
90,1098,449
91,1098,451
92,1100,448
93,1101,447
94,1101,452
95,1101,449
96,1100,452
97,1094,452
98,1084,452
99,1081,452
100,1071,452
101,1058,452
102,1050,451
103,1043,453
104,1037,456
105,1035,457
106,1034,460
107,1029,467
108,1026,471
109,1021,473
110,1011,473
111,1007,475
112,992,480
113,985,485
114,976,487
115,968,484
116,961,488
117,959,489
118,956,493
119,948,498
120,942,507
121,939,516
122,935,522
123,934,524
124,934,513
125,931,523
126,929,536
127,925,549
128,918,558
129,916,562
130,915,563
131,911,563
132,905,565
133,902,565
134,898,550
135,897,544
136,895,546
137,895,536
138,894,531
139,895,523
140,895,530
141,895,531
142,897,533
143,898,530
144,902,529
145,904,527
146,906,527
147,907,528
148,907,537
149,907,541
150,909,539
151,911,537
152,912,537
153,912,535
154,914,536
155,915,537
156,914,540
157,898,539
158,896,539
159,896,540
160,896,540
161,895,537
162,888,536
163,878,535
164,871,532
165,868,532
166,862,536
167,854,527
168,842,528
169,830,526
170,821,529
171,818,528
172,812,527
174,787,570
175,784,581
176,784,586
177,784,590
178,785,591
179,789,590
180,792,587
181,795,587
182,799,580
183,801,579
184,806,574
185,813,572
186,822,567
187,827,566
188,830,559
189,832,557
190,832,556
191,834,559
192,836,560
193,841,556
194,847,551
195,850,549
196,858,547
197,868,542
198,878,536
199,896,532
200,907,524
201,911,519
202,915,522
203,919,524
204,926,523
205,937,524
206,942,523
207,944,523
208,947,522
209,951,520
210,965,514
211,965,511
212,965,507
213,962,506
214,968,504
215,977,501
216,986,500
217,990,499
218,992,499
219,992,499
220,992,499
221,994,498
222,997,497
223,1001,495
224,1006,494
225,1008,494
226,1025,492
227,1028,490
228,1029,491
229,1033,489
230,1039,491
231,1041,491
232,1044,493
233,1047,493
234,1050,493
235,1053,494
236,1053,493
237,1053,492
238,1053,490
239,1055,490
240,1059,490
241,1061,492
242,1063,494
243,1064,496
244,1066,496
245,1064,493
246,1064,489
247,1064,486
248,1062,489
249,1062,488
250,1060,489
251,1058,490
252,1055,489
253,1050,498
254,1044,499
255,1042,500
256,1039,501
257,1035,505
258,1036,506
259,1039,511
260,1042,514
261,1044,516
262,1029,501
263,1020,512
264,1018,505
265,1014,513
266,1014,517
267,1014,519
268,1015,519
269,1014,509
270,1014,504
271,1013,507
272,1011,528
273,1010,535
274,1010,535
275,1012,539
276,1025,548
277,1029,548
278,1032,552
279,1033,554
280,1029,564
281,1025,567
282,1024,574
283,1024,579
284,1023,574
285,1023,573
286,1022,574
287,1020,565
288,1019,560
289,1019,557
290,1018,554
291,1017,553
292,1018,552
293,1012,548
294,1018,544
295,1018,531
296,1021,538
297,1022,539
298,1021,525
299,1018,517
300,1014,517
301,1009,520
302,1008,535
303,1007,541
304,1003,544
305,1002,543
306,1002,541
307,1003,543
308,1003,543
309,1003,542
310,1005,534
318,1012,490
319,1025,493
320,1036,497
321,1041,498
322,1043,493
323,1045,489
324,1048,486
325,1050,483
326,1051,479
327,1051,478
328,1051,473
329,1051,468
330,1054,466
331,1055,467
332,1059,467
333,1060,468
334,1062,468
335,1063,469
336,1064,471
337,1064,466
338,1065,459
339,1065,457
340,1068,446
341,1071,432
359,1071,414
360,1069,424
361,1068,433
362,1069,435
363,1069,434
364,1068,434
365,1068,436
366,1070,434
367,1068,440
368,1068,440
369,1068,441
370,1069,443
371,1077,444
372,1073,447
373,1069,448
374,1068,451
375,1068,453
376,1072,458
377,1088,468
378,1091,472
379,1094,475
380,1094,477
381,1095,478
382,1097,475
383,1096,480
384,1104,488
385,1107,496
386,1113,504
387,1115,508
388,1117,513
389,1121,520
390,1127,527
392,1136,537
393,1138,539
394,1140,538
395,1141,539
396,1140,537
397,1139,538
398,1135,534
399,1134,534
400,1129,530
401,1120,523
402,1114,522
403,1109,519
404,1100,518
405,1097,517
406,1094,516
407,1080,515
408,1068,513
409,1058,513
410,1050,511
411,1048,511
412,1040,510
413,1040,510
414,1023,510
415,1016,511
416,1007,511
417,1003,513
418,999,513
419,994,512
420,992,509
421,990,506
422,986,505
423,985,506
424,979,506
425,973,504
426,966,504
427,955,499
428,948,498
429,945,498
430,942,499
431,931,502
432,921,506
433,913,508
434,908,508
435,907,509
436,903,513
437,895,515
438,893,515
439,888,515
440,880,515
441,876,515
442,868,516
443,864,514
444,855,515
445,850,519
446,848,525
447,848,526
448,843,532
449,843,535
450,841,536
451,839,537
452,838,538
453,838,539
454,838,538
455,840,537
456,841,536
457,845,534
458,855,530
459,859,528
460,868,529
461,877,528
462,881,529
463,881,530
464,881,531
465,881,531
466,880,529
467,880,529
468,883,527
469,888,526
470,894,524
471,896,522
472,901,520
473,909,516
474,918,512
475,927,514
476,935,515
477,938,515
478,941,517
479,944,519
480,950,519
481,958,520
482,968,521
483,972,521
484,979,519
485,984,520
486,967,521
487,958,520
488,956,521
489,955,521
490,954,522
491,957,520
492,961,519
493,965,520
494,967,524
495,967,526
496,985,515
497,997,511
498,1005,506
499,1014,525
500,1013,541
501,1012,548
502,1025,549
503,1035,558
504,1045,566
505,1064,575
506,1076,587
507,1081,590
508,1084,594
509,1086,594
510,1087,592
511,1088,591
512,1090,593
513,1090,593
514,1086,590
515,1083,584
516,1083,581
517,1090,575
518,1099,573
519,1103,572
520,1100,571
521,1088,569
522,1082,569
523,1091,564
524,1079,556
525,1074,553
526,1070,546
527,1076,534
528,1072,527
529,1069,520
530,1064,522
531,1062,521
532,1059,528
533,1055,528
534,1054,523
535,1050,520
536,1043,516
537,1041,514
538,1034,512
539,1032,510
540,1030,510
541,1029,509
542,1027,504
543,1026,503
544,1020,500
545,1010,501
546,998,497
547,984,497
548,977,495
549,974,495
550,970,494
551,963,492
552,961,490
553,959,490
554,957,491
555,957,492
556,955,490
557,953,489
558,950,488
559,946,488
560,943,485
561,942,486
562,939,487
563,936,483
564,935,481
565,935,479
566,935,480
567,935,480
568,936,479
569,939,481
570,944,481
571,949,483
572,951,483
573,951,484
574,966,486
575,972,491
576,969,496
577,965,492
578,969,506
579,971,510
580,975,516
581,969,515
582,967,516
583,971,518
584,976,517
585,977,516
586,982,520
587,988,521
588,989,520
589,991,519
590,991,519
591,991,520
592,990,525
593,990,528
594,988,524
595,989,536
596,984,546
597,982,549
598,980,551
599,976,552
600,975,542
601,974,544
602,976,540
603,976,538
604,980,532
605,981,536
606,992,534
607,991,531
608,996,527
609,997,527
610,985,524
611,976,522
612,972,523
613,968,522
614,965,522
615,964,521
616,964,521
617,963,517
618,962,510
619,962,505
620,961,499
621,961,497
622,959,495
623,958,492
624,956,488
625,951,487
626,946,489
627,944,490
628,940,491
629,935,492
630,933,493
631,933,493
632,933,493
633,933,495
634,934,495
635,927,494
636,912,494
637,886,491
638,884,489
639,883,488
640,874,487
641,864,483
642,854,478
643,847,476
644,838,470
645,835,468
646,828,467
647,819,464
648,809,462
649,802,461
650,790,463
651,786,465
652,780,466
653,771,469
654,764,473
655,757,475
656,754,477
657,753,477
658,752,478
659,756,477
660,757,476
661,764,474
662,767,473
663,769,473
664,779,474
665,790,475
666,805,474
667,815,476
668,824,478
669,828,479
670,835,486
671,842,490
672,852,492
673,865,492
674,875,493
675,879,492
676,890,493
677,899,489
678,909,486
679,921,482
680,936,478
681,941,477
682,948,477
683,960,478
684,974,478
685,995,477
686,1005,480
687,1009,481
688,1020,485
689,1033,485
690,1042,487
691,1046,488
692,1051,488
693,1052,489
694,1056,489
695,1061,489
696,1066,489
697,1068,486
698,1063,484
699,1060,483
700,1058,483
701,1053,485
702,1046,488
703,1041,489
704,1038,486
705,1037,485
706,1035,488
707,1032,487
708,1029,486
709,1026,487
710,1023,488
711,1022,488
712,1021,489
713,1022,489
714,1018,486
715,1015,485
716,1013,483
717,1012,481
718,1012,480
719,1010,478
720,1005,479
721,1001,478
722,1000,481
723,1000,482
724,999,485
725,1000,488
726,1000,487
727,1000,487
728,998,488
729,997,488
730,995,488
733,971,487
734,962,487
735,959,488
736,953,486
737,946,484
738,939,483
739,933,479
740,928,478
741,925,478
742,929,478
743,925,476
744,932,478
745,933,477
746,941,476
747,944,476
748,943,477
749,943,476
750,944,477
751,942,481
752,938,485
753,937,485
754,936,489
755,936,487
756,934,488
757,933,488
758,933,489
759,933,490
760,934,489
761,934,483
762,935,480
763,935,483
764,937,484
765,937,484
766,938,485
767,939,489
768,941,493
769,941,498
770,941,499
771,941,499
772,945,498
773,948,495
774,946,493
775,944,492
776,941,490
777,940,489
778,941,484
779,940,480
780,940,477
781,933,472
782,927,467
783,925,465
784,924,464
785,925,464
786,922,461
787,919,459
788,921,460
789,922,461
790,921,460
791,915,453
792,908,446
793,897,436
801,838,415
802,836,418
803,831,424
804,815,425
805,807,429
806,792,438
807,786,441
808,779,447
809,777,451
810,773,451
811,771,452
812,773,453
813,773,454
814,774,453
815,773,452
816,780,451
817,789,451
818,794,453
819,796,452
820,797,453
821,808,457
823,811,462
824,812,469
825,813,472
826,815,476
827,817,482
829,823,493
830,822,494
831,822,496
832,822,496
833,827,499
834,827,498
835,824,497
836,824,495
837,824,494
838,820,495
839,810,501
840,803,508
841,796,516
842,790,525
843,788,528
844,784,534
845,780,544
846,777,559
847,776,570
848,771,578
849,770,580
850,771,578
851,771,579
852,770,588
853,771,590
854,775,584
855,777,580
856,776,584
857,781,585
858,793,578
859,794,577
860,796,575
861,796,573
862,810,569
863,812,567
864,814,562
865,819,558
866,828,556
867,832,555
868,836,550
869,840,547
871,858,535
872,864,524
873,866,520
874,872,529
875,877,529
876,885,532
877,892,531
878,897,532
879,898,531
880,903,531
881,907,529
882,914,527
883,916,525
884,919,512
885,920,507
886,922,512
887,929,515
888,932,515
889,934,515
890,943,512
891,945,511
892,951,509
893,954,507
894,959,508
895,963,507
896,965,509
897,966,509
898,967,506
899,970,501
900,973,498
901,977,496
902,981,493
903,983,494
904,984,494
905,985,492
906,987,492
907,991,491
908,997,489
909,999,489
910,1004,490
911,1007,489
912,1008,491
913,1009,489
914,1010,491
915,1011,491
916,1014,488
917,1020,485
918,1027,479
919,1035,475
920,1044,470
921,1047,470
922,1051,465
923,1056,462
924,1060,462
925,1065,461
926,1071,460
927,1073,459
928,1077,458
929,1083,455
930,1089,453
931,1094,449
932,1101,446
933,1103,446
934,1105,447
935,1108,445
936,1112,441
937,1114,439
938,1119,434
939,1121,432
940,1121,425
941,1121,422
955,1141,419
956,1163,427
957,1170,430
958,1153,435
959,1147,443
960,1147,446
961,1145,450
962,1145,452
963,1145,451
964,1147,450
965,1146,450
966,1147,452
967,1143,452
968,1139,453
969,1138,455
970,1130,456
971,1117,455
972,1090,455
974,1087,467
975,1087,467
975,1037,421
976,1053,466
977,1044,469
978,1035,470
979,1029,477
980,1022,483
981,1020,486
983,1003,487
984,990,488
985,977,488
986,969,489
987,966,490
988,961,486
989,948,486
990,935,490
991,919,492
992,909,498
993,906,500
994,889,508
995,873,514
996,862,521
997,853,524
998,843,537
999,840,541
1000,831,548
1001,824,556
1002,819,561
1003,817,567
1004,815,567
1005,815,568
1006,812,567
1007,807,567
1008,804,566
1009,803,564
1010,802,561
1011,801,559
1012,805,557
1013,803,554
1014,810,549
1015,813,546
1016,817,543
1017,819,543
1018,822,544
1019,828,540
1020,833,536
1021,848,535
1022,860,531
1023,864,531
1024,869,528
1025,872,524
1026,875,522
1027,880,522
1028,888,523
1029,890,523
1030,895,524
1031,903,527
1032,913,529
1033,919,528
1034,926,526
1035,927,526
1036,931,526
1037,932,524
1038,935,523
1039,940,521
1040,947,517
1041,951,515
1042,958,514
1043,966,508
1044,971,505
1045,975,506
1046,980,505
1047,981,505
1048,984,505
1049,991,503
1050,996,501
1051,1001,499
1052,1008,498
1053,1009,498
1054,1015,499
1055,1022,503
1056,1027,504
1057,1028,504
1058,1029,504
1059,1030,503
1060,1030,505
1061,1033,502
1062,1039,499
1063,1047,493
1064,1057,489
1065,1060,487
1066,1070,486
1067,1077,481
1068,1085,478
1069,1091,475
1070,1097,476
1071,1099,476
1072,1103,478
1073,1109,476
1074,1116,476
1075,1124,469
1076,1130,471
1077,1132,471
1078,1138,468
1079,1141,460
1080,1146,453
1081,1147,447
1082,1150,444
1083,1151,443
1084,1155,440
1085,1161,439
1086,1167,441
1087,1170,438
1088,1172,437
1089,1173,438
1090,1171,440
1091,1168,445
1092,1169,449
1093,1172,451
1094,1174,452
1095,1175,453
1096,1174,452
1097,1171,451
1098,1170,450
1099,1168,450
1100,1162,447
1101,1161,447
1102,1152,445
1103,1139,445
1104,1125,444
1105,1112,445
1106,1103,444
1107,1100,444
1108,1095,445
1109,1088,446
1110,1079,449
1111,1066,451
1112,1054,453
1113,1050,453
1114,1042,454
1115,1034,456
1116,1030,459
1117,1025,465
1118,1022,465
1119,1021,464
1120,1017,466
1121,1011,466
1122,1006,463
1123,1000,466
1124,992,463
1125,989,463
1126,988,461
1127,985,459
1128,981,464
1129,975,469
1130,971,473
1131,970,474
1132,965,477
1133,956,481
1134,949,486
1135,942,492
1136,938,493
1137,936,495
1138,935,494
1139,934,495
1140,932,493
1141,928,490
1142,921,489
1143,917,487
1144,908,485
1145,899,481
1146,893,478
1147,885,472
1148,878,472
1149,875,471
1150,867,471
1151,860,472
1152,854,473
1153,848,471
1154,840,473
1155,838,472
1156,837,460
1157,832,452
1158,833,456
1159,834,454
1160,835,451
1161,835,449
1162,834,446
1163,833,441
1164,831,438
1165,828,435
1166,820,436
1167,818,435
1168,815,436
1169,811,439
1170,809,439
1171,808,442
1172,807,442
1173,807,442
1174,807,441
1175,810,442
1176,812,441
1177,817,441
1178,823,441
1179,826,441
1180,833,444
1181,840,447
1182,848,448
1183,851,449
1184,854,454
1185,855,454
1186,855,457
1187,854,458
1188,856,459
1189,861,460
1190,869,461
1191,871,461
1192,881,461
1193,890,458
1194,900,456
1195,908,456
1196,918,455
1197,922,454
1198,930,453
1199,936,458
1200,943,460
1201,950,460
1202,954,466
1203,955,468
1204,959,475
1205,964,480
1206,969,485
1207,974,480
1208,980,466
1209,982,460
1210,992,479
1211,1001,484
1212,1009,484
1213,1014,485
1214,1018,486
1215,1019,486
1216,1023,483
1217,1033,479
1218,1042,479
1219,1056,474
1220,1066,473
1221,1069,472
1222,1080,470
1223,1092,469
1224,1095,469
1225,1102,468
1226,1111,466
1227,1113,466
1228,1121,464
1229,1146,457
1230,1147,452
1231,1151,448
1232,1161,446
1233,1165,444
1234,1171,444
1235,1177,443
1236,1184,443
1237,1189,438
1238,1191,437
1239,1191,438
1240,1194,442
1241,1200,447
1242,1198,446
1243,1202,455
1244,1207,472
1245,1209,477
1246,1210,479
1247,1212,480
1248,1220,481
1249,1229,480
1250,1234,480
1251,1235,479
1252,1222,477
1253,1216,473
1254,1207,474
1255,1205,475
1256,1199,476
1257,1196,476
1263,1144,502
1264,1144,505
1265,1140,507
1266,1131,502
1267,1118,501
1268,1107,500
1269,1104,499
1270,1093,500
1271,1076,498
1272,1058,496
1273,1040,498
1274,1028,499
1275,1024,498
1276,1014,497
1277,1007,500
1278,1000,506
1279,995,510
1280,991,512
1281,989,512
1282,984,510
1283,979,510
1284,974,508
1285,967,508
1286,959,506
1287,955,505
1288,950,503
1289,946,505
1290,944,508
1291,944,503
1292,945,502
1293,945,502
1294,946,501
1295,948,500
1296,952,500
1297,958,498
1298,961,498
1299,962,498
1300,965,492
1301,967,491
1302,968,487
1303,970,484
1304,972,481
1305,972,481
1306,972,481
1307,969,482
1308,968,483
1309,972,484
1310,974,483
1311,974,484
1312,975,484
1313,975,485
1314,975,487
1315,976,488
1316,975,487
1317,975,487
1318,975,487
1319,975,485
1320,975,483
1321,975,483
1322,975,483
1323,975,483
1324,972,481
1325,964,478
1326,955,477
1327,950,472
1328,944,471
1329,942,470
1330,937,469
1331,930,468
1332,925,466
1333,918,467
1334,912,468
1335,911,468
1336,909,466
1337,909,462
1338,909,458
1339,907,452
1340,905,449
1341,904,449
1342,901,446
1343,894,444
1344,888,444
1345,882,443
1346,874,441
1347,871,441
1348,872,444
1349,872,445
1350,872,448
1351,867,448
1352,866,445
1353,866,444
1354,870,445
1355,874,444
1356,876,442
1357,879,442
1358,885,444
1359,887,444
1360,889,445
1361,893,447
1362,897,450
1363,899,453
1364,900,452
1365,899,452
1366,899,452
1367,899,451
1368,899,454
1369,905,454
1370,911,455
1371,914,454
1372,921,455
1373,926,453
1374,935,453
1375,942,455
1376,947,456
1377,948,458
1378,953,459
1379,958,465
1380,961,465
1381,965,467
1382,972,463
1383,974,462
1384,977,466
1385,976,484
1386,981,489
1387,978,492
1388,982,493
1389,983,494
1390,987,495
1391,1001,484
1392,1009,491
1393,1012,490
1394,1015,488
1395,1016,487
1396,1019,485
1397,1028,483
1398,1038,478
1399,1047,476
1400,1052,475
1401,1055,476
1402,1060,474
1403,1068,466
1404,1077,466
1405,1093,458
1406,1096,455
1407,1096,453
1408,1100,446
1409,1112,441
1410,1119,436
1411,1127,431
1412,1134,429
1413,1136,429
1414,1141,421
1415,1144,422
1416,1147,420
1417,1151,422
1418,1149,424
1419,1148,425
1420,1153,429
1421,1157,438
1422,1162,443
1423,1162,444
1424,1161,446
1425,1161,445
1426,1161,445
1427,1163,444
1428,1164,441
1429,1163,441
1430,1160,442
1431,1159,443
1432,1149,443
1433,1144,444
1434,1138,443
1435,1132,441
1436,1130,444
1437,1129,444
1438,1127,449
1439,1124,454
1440,1120,458
1441,1117,464
1442,1117,470
1443,1117,473
1444,1120,468
1445,1128,475
1446,1130,477
1447,1129,478
1448,1124,480
1449,1122,481
1450,1124,480
1451,1124,482
1452,1126,486
1453,1128,492
1454,1133,501
1455,1135,505
1456,1134,506
1457,1134,512
1458,1134,519
1459,1136,523
1460,1135,523
1461,1135,522
1462,1136,524
1463,1133,523
1464,1132,521
1465,1132,521
1466,1128,522
1467,1127,523
1468,1123,522
1469,1119,520
1470,1115,520
1471,1110,519
1472,1111,517
1473,1111,516
1474,1111,514
1475,1107,511
1476,1104,507
1477,1099,503
1478,1094,501
1479,1092,500
1480,1084,501
1481,1077,502
1482,1073,502
1483,1069,500
1484,1065,498
1485,1063,497
1486,1058,496
1487,1051,497
1488,1044,497
1489,1039,495
1490,1035,495
1491,1034,495
1492,1033,495
1493,1031,495
1494,1027,495
1495,1020,496
1496,1015,496
1497,1013,495
1498,1007,492
1499,998,492
1500,989,490
1501,984,490
1502,981,489
1503,980,488
1504,976,492
1505,967,493
1506,956,495
1507,948,496
1508,941,498
1509,938,498
1510,935,498
1511,935,497
1512,935,497
1513,932,495
1514,927,491
1515,925,490
1516,918,489
1517,908,485
1518,900,483
1519,894,482
1520,887,478
1521,884,478
1522,881,478
1523,873,477
1524,868,477
1525,863,479
1526,859,479
1527,858,478
1528,857,479
1529,856,477
1530,854,475
1531,854,469
1532,854,451
1533,855,444
1534,856,445
1535,857,443
1536,858,441
1537,857,438
1538,859,436
1539,860,434
1540,857,436
1541,856,437
1542,857,436
1543,848,439
1544,854,440
1545,857,441
1546,848,441
1547,851,439
1548,859,440
1549,866,439
1550,872,438
1551,874,438
1552,877,438
1553,881,438
1554,885,439
1555,889,436
1556,894,444
1557,895,445
1558,897,446
1559,899,449
1560,901,451
1561,902,452
1562,904,451
1563,905,451
1564,907,451
1565,907,450
1566,911,449
1567,914,449
1568,916,450
1569,917,451
1570,920,452
1571,921,455
1572,922,458
1573,923,458
1574,923,462
1575,922,463
1576,923,464
1577,922,465
1578,921,470
1579,921,475
1580,921,478
1581,921,478
1582,922,479
1583,922,476
1584,921,473
1585,921,476
1586,921,474
1587,921,474
1588,921,475
1589,923,462
1590,924,472
1591,921,477
1592,919,480
1593,918,482
1594,913,484
1595,910,486
1596,908,490
1597,909,491
1598,908,490
1599,907,489
1600,904,488
1601,896,487
1602,888,485
1603,877,482
1604,864,478
1605,859,476
1606,852,473
1607,842,475
1608,832,475
1609,825,476
1610,815,477
1611,811,478
1612,805,479
1613,800,476
1614,796,473
1615,792,461
1616,791,461
1617,791,459
1618,793,453
1619,789,446
1620,784,441
1621,781,430
1622,776,423
1623,775,420
1624,773,416
1628,762,416
1629,760,417
1630,758,421
1631,752,425
1632,744,428
1633,741,433
1634,736,437
1635,734,440
1636,732,444
1637,735,443
1638,738,443
1639,742,437
1640,748,436
1641,750,435
1642,751,437
1643,757,436
1644,775,436
1645,782,438
1646,788,439
1647,790,439
1648,801,441
1651,833,448
1652,847,453
1653,852,454
1654,861,457
1655,868,465
1656,874,469
1657,898,469
1658,911,472
1659,916,471
1660,917,472
1661,923,457
1662,922,466
1663,930,471
1664,941,475
1665,945,478
1666,964,482
1667,975,490
1668,990,489
1669,1004,494
1670,1015,495
1671,1018,495
1672,1025,499
1673,1032,505
1674,1042,513
1675,1059,520
1676,1076,526
1677,1082,527
1678,1090,531
1679,1100,544
1680,1136,556
1681,1136,565
1682,1137,570
1683,1137,571
1684,1140,573
1685,1142,575
1686,1144,576
1687,1147,576
1688,1153,574
1689,1154,575
1690,1158,570
1691,1165,568
1692,1168,562
1693,1168,555
1694,1167,549
1695,1166,548
1696,1161,549
1697,1160,547
1698,1160,544
1699,1160,545
1700,1157,542
1701,1156,542
1702,1152,538
1703,1148,539
1704,1143,536
1705,1141,532
1706,1137,529
1707,1136,529
1708,1129,524
1709,1123,521
1710,1118,521
1711,1104,519
1712,1094,521
1713,1091,521
1714,1085,520
1715,1081,519
1716,1083,520
1717,1081,518
1718,1078,516
1719,1077,514
1720,1073,513
1721,1065,509
1722,1055,505
1723,1047,503
1724,1040,502
1725,1038,501
1726,1028,499
1727,1019,497
1728,1014,497
1729,1008,496
1730,1003,493
1731,1002,493
1732,997,493
1733,990,491
1734,983,489
1735,973,488
1736,964,487
1737,961,487
1738,956,487
1739,950,487
1740,947,488
1741,945,488
1742,945,488
1743,944,488
1744,943,488
1745,938,487
1746,930,482
1747,922,480
1748,914,478
1749,911,478
1750,906,475
1751,898,475
1752,891,475
1753,883,469
1754,876,473
1755,874,475
1756,869,476
1757,866,478
1758,865,479
1759,863,479
1760,861,477
1761,861,475
1762,858,473
1763,856,470
1764,852,459
1765,845,450
1766,836,447
1767,833,444
1768,827,443
1769,824,432
1770,820,426
1771,815,423
1772,811,423
1773,810,424
1774,807,421
1775,802,424
1776,797,427
1777,789,433
1778,783,445
1779,781,448
1780,780,450
1781,776,454
1782,775,457
1783,773,459
1784,773,457
1785,773,457
1786,776,456
1787,777,458
1788,781,464
1789,787,462
1790,792,466
1791,793,467
1792,794,474
1793,796,477
1794,800,476
1795,794,478
1796,797,480
1797,798,481
1798,804,482
1799,808,484
1800,811,487
1801,816,489
1802,825,496
1803,828,498
1804,853,500
1805,869,503
1806,871,503
1807,883,504
1808,895,504
1809,900,503
1810,908,503
1811,914,505
1812,925,508
1813,940,509
1814,957,507
1815,962,507
1816,974,515
1817,987,521
1818,997,528
1819,1011,533
1820,1046,535
1821,1058,536
1822,1060,536
1823,1048,536
1824,1046,534
1825,1048,534
1826,1050,530
1827,1050,530
1828,1051,528
1829,1053,527
1830,1053,523
1831,1053,522
1832,1051,520
1833,1050,521
1834,1041,520
1835,1036,519
1836,1047,520
1837,1054,518
1838,1048,516
1839,1045,516
1840,1046,514
1841,1040,511
1842,1033,508
1843,1043,506
1844,1050,502
1845,1052,501
1845,1035,506
1846,1048,499
1847,1044,495
1848,1035,494
1849,1027,495
1850,1022,495
1851,1020,494
1852,1019,496
1853,1020,494
1854,1021,493
1855,1022,492
1856,1025,492
1857,1026,492
1858,1027,492
1859,1029,491
1860,1030,489
1861,1031,490
1862,1031,491
1863,1031,490
1864,1034,492
1865,1037,492
1866,1040,490
1867,1046,486
1868,1053,483
1869,1055,481
1870,1062,477
1871,1070,476
1872,1077,472
1873,1085,470
1874,1089,470
1875,1090,470
1876,1093,470
1877,1099,471
1878,1106,467
1879,1111,463
1880,1117,458
1881,1120,455
1882,1122,457
1883,1123,457
1884,1130,451
1885,1135,447
1886,1139,442
1887,1141,441
1888,1141,438
1889,1146,436
1890,1149,434
1891,1149,429
1892,1149,430
1893,1149,432
1894,1148,433
1895,1146,436
1896,1146,437
1897,1146,438
1898,1146,438
1899,1146,438
1900,1146,438
1901,1147,438
1902,1149,438
1903,1151,438
1904,1153,438
1905,1154,437
1906,1154,439
1907,1155,438
1908,1155,437
1909,1154,435
1910,1148,435
1911,1146,435
1912,1140,436
1913,1133,438
1914,1128,437
1915,1121,435
1916,1116,438
1917,1114,440
1918,1111,440
1919,1107,440
1920,1105,444
1921,1103,452
1922,1100,454
1923,1099,455
1924,1094,450
1925,1090,449
1926,1094,455
1927,1090,456
1928,1085,455
1929,1083,455
1930,1080,457
1931,1075,460
1932,1068,464
1933,1061,465
1934,1056,468
1935,1054,469
1936,1052,472
1937,1050,473
1938,1047,474
1939,1044,475
1940,1040,477
1941,1038,479
1942,1031,478
1943,1026,474
1944,1021,476
1945,1017,475
1946,1015,476
1947,1013,477
1948,1008,480
1949,1003,483
1950,994,486
1951,987,488
1952,982,488
1953,980,487
1954,980,489
1955,977,489
1956,971,490
1957,959,489
1958,946,489
1959,942,489
1960,933,492
1961,923,497
1962,913,504
1963,898,512
1964,887,516
1965,884,518
1966,877,521
1967,867,527
1968,854,533
1969,843,542
1970,834,548
1971,832,550
1972,823,553
1974,820,551
1975,814,551
1976,809,551
1977,807,552
1978,803,550
1979,799,551
1980,799,546
1981,799,543
1982,802,540
1983,803,538
1984,809,536
1985,815,532
1986,820,528
1987,822,525
1988,826,517
1989,827,516
1990,832,515
1991,836,515
1992,843,513
1993,847,513
1994,850,513
1995,851,513
1996,852,512
1997,858,510
1998,862,510
1999,865,506
2000,867,502
2001,867,501
2002,872,498
2003,877,496
2004,882,494
2005,886,493
2006,895,496
2007,898,496
2008,899,496
2009,905,498
2010,904,499
2011,901,498
2013,847,501
2015,868,501
2018,852,500
2019,851,500
2020,847,499
2021,846,501
2022,839,500
2023,829,499
2024,825,499
2025,824,499
2026,822,500
2027,818,499
2028,814,498
2029,812,500
2030,810,500
2031,810,498
2032,808,495
2033,807,494
2034,811,488
2035,817,487
2036,826,489
2037,830,490
2038,839,486
2039,849,486
2040,860,483
2041,870,483
2042,876,485
2043,878,486
2044,884,487
2045,890,486
2046,894,487
2047,896,487
2048,898,486
2049,899,486
2050,905,485
2051,915,484
2052,923,484
2053,925,487
2054,935,489
2055,939,489
2056,942,488
2057,961,488
2058,967,487
2059,969,487
2060,969,483
2061,969,482
2062,967,481
2063,967,480
2064,965,480
2065,948,478
2066,943,475
2067,941,474
2068,943,474
2069,946,478
2070,949,481
2071,952,484
2072,953,486
2073,953,486
2074,953,486
2075,953,485
2076,953,485
2077,954,485
2078,956,484
2079,956,482
2080,958,481
2081,962,483
2082,964,484
2083,966,486
2084,966,486
2085,966,486
2086,967,486
2087,967,487
2088,967,487
2089,968,486
2090,969,486
2091,970,486
2092,970,485
2093,973,483
2094,976,481
2095,981,484
2096,986,483
2097,988,483
2098,991,484
2099,993,485
2100,995,486
2101,1001,485
2102,1006,485
2103,1008,486
2104,1012,486
2105,1013,485
2106,1014,486
2107,1014,486
2108,1017,485
2109,1018,485
2110,1022,485
2111,1027,481
2112,1035,476
2113,1038,474
2114,1046,470
2115,1049,470
2116,1053,466
2117,1058,462
2118,1061,455
2119,1066,451
2120,1069,452
2121,1070,451
2122,1072,452
2123,1074,453
2124,1076,453
2125,1076,452
2126,1078,452
2127,1079,451
2128,1082,450
2129,1081,449
2130,1083,450
2131,1086,449
2132,1086,450
2133,1087,449
2134,1087,447
2135,1087,447
2136,1089,445
2137,1092,442
2138,1095,443
2139,1096,442
2140,1098,436
2141,1096,432
2142,1097,426
2143,1099,424
2144,1098,422
2145,1098,421
2146,1097,420
2147,1098,419
2148,1098,419
2149,1098,421
2150,1098,423
2151,1097,423
2152,1095,424
2153,1093,424
2154,1096,425
2155,1094,426
2156,1094,429
2157,1094,429
2158,1095,430
2159,1096,431
2160,1095,433
2161,1094,432
2162,1093,432
2163,1092,434
2164,1091,432
2165,1089,431
2166,1087,431
2167,1082,429
2168,1080,429
2169,1079,429
2170,1076,431
2171,1074,433
2172,1072,434
2173,1068,436
2174,1065,439
2175,1065,442
2176,1064,442
2177,1063,443
2178,1060,444
2179,1056,447
2180,1052,447
2181,1051,447
2182,1047,447
2183,1045,451
2184,1045,454
2185,1042,453
2186,1040,453
2187,1039,454
2188,1039,455
2189,1036,456
2190,1036,457
2191,1034,457
2192,1029,460
2193,1028,460
2194,1024,460
2195,1024,461
2196,1023,463
2197,1019,463
2198,1016,469
2199,1015,470
2200,1013,472
