frame,speed_mps,dist_m,total_dist_m
1,0.24,0.0,0.0
2,0.48,0.02,0.02
3,0.56,0.02,0.05
4,0.46,0.01,0.06
5,0.22,0.01,0.07
6,0.29,0.0,0.07
7,0.14,0.01,0.08
8,0.37,0.0,0.08
9,0.37,0.02,0.11
10,1.06,0.01,0.12
11,1.55,0.07,0.19
12,1.89,0.07,0.26
13,2.15,0.05,0.31
14,1.67,0.1,0.41
15,1.92,0.02,0.43
16,1.18,0.07,0.5
17,1.18,0.02,0.52
18,0.98,0.02,0.55
19,1.26,0.05,0.6
20,1.17,0.05,0.65
21,1.08,0.01,0.66
22,0.9,0.04,0.71
23,0.97,0.03,0.74
24,0.83,0.02,0.76
25,1.86,0.03,0.79
26,1.87,0.13,0.93
27,2.89,0.02,0.95
28,3.72,0.13,1.08
29,4.86,0.22,1.3
30,4.23,0.14,1.43
31,2.35,0.07,1.5
32,0.99,0.03,1.53
33,1.06,0.0,1.53
34,1.64,0.08,1.61
35,3.16,0.09,1.7
36,4.17,0.15,1.85
37,4.27,0.18,2.03
38,3.21,0.1,2.12
39,2.37,0.05,2.17
40,1.84,0.09,2.26
41,1.61,0.05,2.31
42,0.69,0.02,2.33
43,0.46,0.0,2.33
44,0.45,0.02,2.35
45,0.45,0.02,2.38
46,0.72,0.0,2.38
47,0.99,0.05,2.43
48,1.7,0.05,2.48
49,7.51,0.07,2.55
50,9.41,0.63,3.18
51,13.21,0.24,3.42
52,7.93,0.45,3.87
53,6.25,0.1,3.97
54,3.17,0.07,4.04
55,3.08,0.14,4.19
56,3.04,0.09,4.28
57,1.96,0.07,4.35
58,1.28,0.04,4.38
59,1.27,0.02,4.41
60,1.15,0.07,4.47
61,1.4,0.02,4.5
62,0.86,0.05,4.55
63,0.7,0.01,4.56
64,0.28,0.01,4.57
65,0.76,0.01,4.57
66,1.41,0.06,4.64
67,2.22,0.07,4.71
68,2.3,0.09,4.8
69,1.8,0.07,4.87
70,2.46,0.02,4.89
71,3.51,0.15,5.04
72,3.94,0.17,5.22
73,3.24,0.07,5.28
74,1.64,0.08,5.37
75,1.28,0.01,5.38
76,0.57,0.03,5.41
77,0.51,0.01,5.42
78,1.07,0.01,5.43
79,1.07,0.09,5.52
80,1.07,0.01,5.53
81,0.42,0.01,5.54
82,1.61,0.02,5.56
83,2.82,0.13,5.69
84,4.28,0.13,5.82
85,3.54,0.17,5.99
86,2.7,0.06,6.05
87,1.08,0.04,6.09
88,0.72,0.01,6.1
89,1.11,0.02,6.12
90,2.34,0.08,6.2
91,3.12,0.13,6.33
92,2.59,0.1,6.43
93,2.13,0.03,6.46
94,2.62,0.08,6.54
95,3.57,0.15,6.69
96,4.07,0.12,6.82
97,3.35,0.13,6.95
98,2.38,0.08,7.03
99,1.96,0.03,7.05
100,2.33,0.09,7.15
101,2.47,0.11,7.26
102,1.96,0.04,7.3
103,1.39,0.04,7.34
104,1.22,0.06,7.4
105,1.28,0.03,7.42
106,1.38,0.05,7.47
107,2.07,0.07,7.54
108,2.49,0.09,7.63
109,2.43,0.09,7.72
110,1.78,0.06,7.78
111,1.36,0.03,7.81
112,1.44,0.05,7.86
113,1.44,0.07,7.92
114,1.64,0.03,7.95
115,1.53,0.07,8.02
116,1.44,0.06,8.08
117,0.98,0.02,8.1
118,1.56,0.02,8.12
119,1.96,0.11,8.23
120,2.69,0.06,8.29
121,2.22,0.09,8.39
122,1.75,0.07,8.45
123,1.03,0.01,8.47
124,0.84,0.02,8.49
125,1.59,0.05,8.54
126,2.04,0.09,8.63
127,2.08,0.07,8.69
128,1.45,0.05,8.75
129,1.14,0.03,8.77
130,1.28,0.04,8.81
131,1.89,0.07,8.87
132,1.75,0.09,8.96
133,1.33,0.02,8.98
134,0.68,0.02,9.01
135,1.11,0.02,9.03
136,2.06,0.07,9.09
137,4.39,0.12,9.21
138,5.41,0.26,9.47
139,6.99,0.17,9.64
140,5.36,0.28,9.91
141,4.18,0.09,10.0
142,2.15,0.05,10.05
143,2.45,0.07,10.13
144,2.7,0.12,10.25
145,2.69,0.07,10.32
146,1.68,0.07,10.39
147,1.74,0.02,10.42
148,1.83,0.08,10.5
149,2.75,0.08,10.58
150,2.7,0.11,10.69
151,2.8,0.08,10.77
152,2.0,0.09,10.86
153,1.94,0.03,10.89
154,2.09,0.07,10.96
155,2.86,0.11,11.07
156,2.66,0.11,11.18
157,2.42,0.05,11.23
158,1.47,0.08,11.31
159,1.41,0.01,11.32
160,1.21,0.04,11.37
161,2.02,0.06,11.43
162,3.04,0.1,11.53
163,3.06,0.15,11.67
164,2.41,0.06,11.74
165,1.78,0.03,11.77
166,1.99,0.08,11.85
167,2.53,0.09,11.94
168,2.55,0.08,12.02
169,2.25,0.09,12.11
170,1.49,0.06,12.16
171,0.99,0.01,12.17
172,0.88,0.04,12.2
173,1.37,0.04,12.25
174,2.1,0.06,12.3
175,2.92,0.11,12.41
176,2.86,0.13,12.54
177,2.94,0.05,12.59
178,1.97,0.12,12.71
179,2.48,0.03,12.74
180,1.81,0.1,12.84
181,2.91,0.05,12.89
182,2.36,0.14,13.03
183,2.15,0.05,13.07
184,1.49,0.03,13.11
185,1.81,0.07,13.18
186,1.86,0.08,13.26
187,2.03,0.04,13.29
188,1.54,0.09,13.38
189,1.64,0.03,13.41
190,1.68,0.05,13.45
191,2.59,0.09,13.55
192,4.4,0.12,13.67
193,5.71,0.23,13.89
194,5.19,0.22,14.12
195,3.83,0.07,14.19
196,3.75,0.09,14.28
197,4.69,0.22,14.49
198,6.98,0.16,14.66
199,7.01,0.32,14.98
200,6.42,0.22,15.2
201,4.61,0.1,15.3
202,3.68,0.14,15.44
203,3.72,0.13,15.56
204,3.67,0.11,15.67
205,3.24,0.13,15.8
206,2.37,0.08,15.89
207,1.37,0.02,15.91
208,1.6,0.03,15.94
209,3.02,0.11,16.05
210,3.95,0.16,16.21
211,4.58,0.13,16.34
212,3.59,0.17,16.51
213,5.63,0.06,16.57
214,8.65,0.33,16.9
215,10.95,0.47,17.37
216,9.1,0.29,17.66
217,6.0,0.14,17.81
218,3.53,0.16,17.97
219,3.29,0.05,18.02
220,2.74,0.12,18.14
221,3.22,0.11,18.24
222,3.1,0.09,18.34
223,4.02,0.11,18.45
224,3.79,0.2,18.65
225,3.77,0.07,18.72
226,2.13,0.11,18.82
227,1.48,0.04,18.86
228,0.41,0.01,18.87
229,0.25,0.0,18.87
230,0.54,0.02,18.88
231,0.9,0.04,18.92
232,1.43,0.04,18.96
233,3.06,0.07,19.03
234,4.88,0.2,19.22
235,6.39,0.22,19.44
236,5.35,0.22,19.67
237,4.1,0.09,19.76
238,2.67,0.09,19.85
239,2.63,0.08,19.93
240,2.76,0.09,20.02
241,4.31,0.11,20.13
242,4.39,0.23,20.36
243,5.54,0.1,20.46
244,4.53,0.22,20.68
245,4.34,0.13,20.82
246,2.69,0.08,20.9
247,1.97,0.06,20.95
248,1.31,0.06,21.01
249,1.7,0.01,21.03
250,2.17,0.1,21.12
251,2.87,0.11,21.23
252,2.62,0.08,21.31
253,2.4,0.07,21.38
254,2.0,0.09,21.47
255,1.97,0.04,21.51
256,1.68,0.07,21.58
257,2.07,0.06,21.64
258,2.43,0.08,21.72
259,2.64,0.1,21.82
260,2.27,0.08,21.9
261,2.32,0.04,21.95
262,2.67,0.11,22.06
263,3.15,0.11,22.17
264,2.71,0.09,22.26
265,2.24,0.07,22.33
266,1.55,0.07,22.39
267,1.24,0.02,22.42
268,1.18,0.04,22.45
269,1.83,0.06,22.51
270,1.95,0.09,22.6
271,2.06,0.05,22.65
272,1.42,0.07,22.72
273,1.38,0.02,22.74
274,0.88,0.04,22.79
275,0.87,0.02,22.81
276,0.66,0.02,22.83
277,0.67,0.02,22.85
278,0.46,0.02,22.87
279,0.45,0.0,22.87
280,0.29,0.02,22.9
281,1.58,0.01,22.9
282,2.23,0.13,23.03
283,2.61,0.09,23.12
284,1.54,0.05,23.16
285,1.12,0.02,23.19
286,1.69,0.04,23.23
287,3.2,0.1,23.33
288,4.08,0.17,23.51
289,4.61,0.13,23.64
290,3.54,0.15,23.79
291,6.29,0.07,23.86
292,7.28,0.41,24.27
293,7.37,0.25,24.52
294,4.72,0.08,24.6
295,3.59,0.14,24.74
296,3.54,0.14,24.88
297,2.58,0.07,24.95
298,2.28,0.05,25.0
299,3.12,0.11,25.11
300,2.9,0.15,25.26
301,2.98,0.02,25.29
302,2.14,0.12,25.41
303,2.11,0.07,25.48
304,1.51,0.02,25.5
305,3.86,0.06,25.56
306,7.51,0.31,25.86
307,9.39,0.39,26.25
308,12.88,0.25,26.5
309,10.93,0.65,27.15
310,9.19,0.19,27.34
311,4.09,0.07,27.42
312,2.51,0.15,27.56
313,3.23,0.03,27.59
314,2.04,0.15,27.74
315,1.79,0.03,27.76
316,0.82,0.01,27.77
317,2.74,0.05,27.82
318,3.64,0.22,28.04
319,4.39,0.1,28.14
320,2.69,0.12,28.26
321,2.19,0.05,28.31
322,1.2,0.05,28.35
323,1.04,0.02,28.38
324,1.33,0.03,28.41
325,2.11,0.08,28.49
326,2.06,0.1,28.59
327,1.88,0.03,28.62
328,1.39,0.06,28.68
329,1.39,0.05,28.73
330,1.03,0.03,28.76
331,0.96,0.02,28.78
332,1.37,0.05,28.83
333,2.08,0.07,28.89
334,2.97,0.09,28.99
335,4.09,0.14,29.12
336,5.21,0.18,29.3
337,5.6,0.2,29.51
338,4.23,0.18,29.68
339,3.51,0.04,29.73
340,3.08,0.13,29.86
341,3.52,0.13,29.99
342,3.05,0.09,30.08
343,2.23,0.09,30.16
344,1.58,0.05,30.21
345,1.0,0.02,30.24
346,0.79,0.03,30.26
347,1.0,0.03,30.29
348,0.95,0.04,30.34
349,1.08,0.02,30.36
350,0.65,0.04,30.4
351,1.52,0.0,30.4
352,2.02,0.11,30.51
353,3.28,0.09,30.6
354,3.43,0.13,30.73
355,2.91,0.12,30.85
356,1.86,0.04,30.89
357,1.24,0.02,30.91
358,1.03,0.06,30.98
359,1.24,0.02,31.0
360,1.97,0.04,31.04
361,3.66,0.13,31.17
362,3.77,0.19,31.36
363,3.37,0.05,31.42
364,3.15,0.09,31.51
365,3.96,0.17,31.68
366,4.23,0.13,31.81
367,3.68,0.12,31.93
368,2.67,0.11,32.05
369,2.55,0.03,32.08
370,2.18,0.11,32.19
371,2.17,0.08,32.26
372,1.9,0.03,32.3
373,2.28,0.08,32.38
374,2.33,0.11,32.49
375,2.92,0.04,32.53
376,2.69,0.14,32.67
377,4.21,0.09,32.76
378,3.66,0.19,32.95
379,3.57,0.09,33.04
380,2.12,0.08,33.12
381,2.05,0.05,33.16
382,2.43,0.08,33.24
383,3.76,0.12,33.36
384,4.17,0.18,33.54
385,3.81,0.12,33.66
386,2.63,0.08,33.74
387,2.04,0.06,33.8
388,1.85,0.06,33.86
389,1.99,0.06,33.93
390,2.74,0.08,34.0
391,3.46,0.14,34.14
392,3.11,0.13,34.27
393,2.43,0.04,34.31
394,2.12,0.07,34.38
395,2.76,0.1,34.48
396,2.92,0.11,34.59
397,2.37,0.09,34.67
398,1.52,0.05,34.72
399,0.92,0.02,34.74
400,1.75,0.03,34.77
401,2.39,0.13,34.9
402,3.77,0.08,34.98
403,3.9,0.16,35.14
404,3.64,0.14,35.29
405,2.54,0.06,35.34
406,1.67,0.05,35.4
407,2.19,0.06,35.45
408,2.51,0.11,35.56
409,2.77,0.08,35.65
410,1.94,0.08,35.73
411,1.87,0.03,35.76
412,1.65,0.08,35.84
413,1.67,0.06,35.89
414,1.72,0.03,35.92
415,3.2,0.08,36.01
416,3.69,0.21,36.22
417,4.29,0.08,36.29
418,3.52,0.14,36.44
419,3.55,0.13,36.57
420,3.11,0.08,36.65
421,2.93,0.1,36.75
422,2.41,0.11,36.86
423,2.32,0.03,36.89
424,2.45,0.09,36.98
425,4.23,0.13,37.11
426,5.77,0.21,37.31
427,7.08,0.25,37.56
428,5.63,0.26,37.81
429,4.51,0.06,37.87
430,3.39,0.13,38.01
431,4.16,0.14,38.15
432,3.27,0.14,38.29
433,2.22,0.04,38.33
434,1.02,0.04,38.37
435,1.42,0.02,38.39
436,1.82,0.08,38.48
437,2.24,0.08,38.56
438,1.95,0.06,38.62
439,2.12,0.06,38.67
440,1.91,0.1,38.77
441,1.58,0.04,38.81
442,0.82,0.02,38.83
443,0.82,0.02,38.85
444,0.72,0.04,38.89
445,0.79,0.01,38.9
446,0.62,0.03,38.93
447,1.06,0.02,38.95
448,1.95,0.06,39.01
449,3.2,0.12,39.12
450,4.83,0.15,39.27
451,5.47,0.22,39.49
452,4.44,0.18,39.67
453,2.91,0.04,39.71
454,2.31,0.07,39.78
455,2.07,0.12,39.9
456,1.8,0.02,39.92
457,0.99,0.04,39.96
458,0.92,0.04,40.0
459,1.0,0.01,40.01
460,1.03,0.05,40.06
461,2.17,0.04,40.1
462,3.62,0.13,40.23
463,5.64,0.19,40.42
464,5.25,0.24,40.67
465,4.41,0.09,40.76
466,2.61,0.11,40.87
467,2.38,0.06,40.93
468,2.05,0.06,40.99
469,2.2,0.08,41.07
470,1.85,0.08,41.15
471,1.5,0.03,41.18
472,1.06,0.04,41.22
473,1.42,0.04,41.25
474,2.27,0.07,41.32
475,2.98,0.13,41.45
476,2.79,0.11,41.55
477,1.79,0.05,41.6
478,1.38,0.03,41.63
479,1.34,0.07,41.69
480,1.52,0.04,41.73
481,1.53,0.04,41.78
482,1.32,0.07,41.84
483,1.99,0.02,41.87
484,2.23,0.11,41.98
485,2.72,0.09,42.07
486,1.83,0.07,42.14
487,1.15,0.02,42.16
488,0.67,0.02,42.18
489,0.45,0.02,42.2
490,0.37,0.0,42.2
491,1.08,0.01,42.22
492,1.22,0.09,42.31
493,1.37,0.01,42.33
494,0.57,0.03,42.36
495,0.66,0.01,42.37
496,0.52,0.02,42.39
497,0.66,0.01,42.41
498,0.92,0.03,42.44
499,1.2,0.05,42.49
500,0.98,0.04,42.53
501,0.72,0.01,42.53
502,0.67,0.02,42.56
503,1.14,0.04,42.59
504,1.26,0.05,42.65
505,2.24,0.04,42.68
506,2.14,0.13,42.82
507,2.74,0.04,42.86
508,3.15,0.1,42.96
509,4.01,0.18,43.13
510,4.23,0.13,43.26
511,3.14,0.12,43.38
512,2.05,0.07,43.45
513,1.22,0.02,43.47
514,0.99,0.03,43.5
515,1.29,0.04,43.55
516,1.87,0.05,43.6
517,1.66,0.09,43.69
518,1.37,0.02,43.71
519,0.69,0.02,43.73
520,0.9,0.03,43.76
521,1.35,0.04,43.8
522,1.68,0.07,43.87
523,2.09,0.06,43.93
524,1.95,0.08,44.01
525,2.29,0.05,44.06
526,2.66,0.09,44.16
527,3.35,0.12,44.28
528,3.87,0.12,44.4
529,3.41,0.15,44.54
530,2.46,0.07,44.62
531,1.75,0.03,44.64
532,2.15,0.07,44.72
533,3.66,0.11,44.83
534,4.22,0.18,45.01
535,3.96,0.13,45.14
536,2.41,0.09,45.23
537,1.17,0.02,45.25
538,0.44,0.01,45.26
539,0.62,0.01,45.27
540,1.27,0.04,45.31
541,1.34,0.07,45.38
542,1.15,0.02,45.41
543,0.92,0.02,45.43
544,1.42,0.05,45.48
545,2.3,0.07,45.55
546,2.47,0.11,45.66
547,3.33,0.07,45.72
548,2.7,0.16,45.88
549,2.85,0.05,45.93
550,2.12,0.08,46.01
551,1.98,0.08,46.09
552,1.53,0.03,46.13
553,1.74,0.03,46.16
554,1.61,0.11,46.27
555,2.25,0.02,46.29
556,2.64,0.1,46.39
557,3.76,0.14,46.53
558,3.95,0.13,46.66
559,3.49,0.12,46.78
560,2.42,0.1,46.88
561,1.51,0.03,46.9
562,1.46,0.03,46.93
563,2.62,0.09,47.03
564,3.22,0.14,47.17
565,3.08,0.09,47.25
566,2.19,0.08,47.33
567,1.72,0.05,47.38
568,1.69,0.04,47.43
569,1.87,0.08,47.5
570,1.87,0.07,47.57
571,1.56,0.04,47.61
572,0.93,0.05,47.66
573,0.98,0.01,47.67
574,0.59,0.05,47.71
575,0.96,0.01,47.72
576,1.16,0.04,47.76
577,1.32,0.07,47.83
578,0.89,0.02,47.85
579,0.46,0.0,47.85
580,0.44,0.02,47.87
581,0.58,0.02,47.89
582,0.56,0.01,47.91
583,0.65,0.02,47.93
584,0.58,0.03,47.96
585,1.31,0.01,47.97
586,1.26,0.09,48.06
587,1.33,0.03,48.09
588,1.2,0.01,48.1
589,1.74,0.08,48.18
590,1.95,0.08,48.26
591,1.37,0.04,48.29
592,1.66,0.02,48.32
593,2.17,0.11,48.43
594,3.46,0.09,48.51
595,2.79,0.15,48.66
596,2.15,0.04,48.7
597,0.87,0.02,48.73
598,0.9,0.02,48.75
599,1.02,0.04,48.79
600,0.94,0.04,48.83
601,0.92,0.01,48.84
602,0.57,0.04,48.89
603,0.64,0.0,48.89
604,0.86,0.02,48.91
605,2.97,0.07,48.97
606,4.42,0.21,49.18
607,6.03,0.17,49.35
608,4.74,0.23,49.57
609,3.87,0.08,49.66
610,2.02,0.08,49.74
611,2.75,0.04,49.78
612,2.39,0.15,49.93
613,2.72,0.05,49.98
614,1.31,0.07,50.05
615,1.84,0.01,50.06
616,1.52,0.1,50.16
617,1.62,0.04,50.2
618,1.83,0.02,50.22
619,3.33,0.12,50.34
620,3.92,0.19,50.53
621,3.48,0.08,50.62
622,2.94,0.07,50.69
623,3.66,0.14,50.83
624,5.07,0.15,50.98
625,6.26,0.22,51.2
626,5.67,0.25,51.45
627,4.65,0.1,51.55
628,2.66,0.11,51.66
629,2.14,0.06,51.72
630,1.59,0.04,51.76
631,1.41,0.06,51.82
632,1.35,0.04,51.86
633,1.12,0.04,51.9
634,1.64,0.04,51.93
635,1.8,0.09,52.02
636,2.63,0.05,52.08
637,2.36,0.12,52.2
638,2.26,0.06,52.26
639,1.31,0.04,52.3
640,1.29,0.03,52.33
641,1.12,0.06,52.39
642,1.26,0.03,52.42
643,1.23,0.04,52.45
644,1.55,0.06,52.51
645,2.49,0.06,52.57
646,3.27,0.13,52.7
647,4.26,0.14,52.84
648,4.11,0.16,53.0
649,4.18,0.12,53.12
650,3.04,0.14,53.26
651,2.36,0.04,53.3
652,1.66,0.05,53.35
653,1.64,0.07,53.42
654,1.65,0.04,53.46
655,1.32,0.05,53.52
656,1.16,0.04,53.56
657,0.76,0.02,53.58
658,1.01,0.01,53.59
659,1.58,0.06,53.66
660,2.19,0.08,53.74
661,2.36,0.07,53.81
662,1.8,0.08,53.89
663,2.12,0.02,53.92
664,2.55,0.11,54.02
665,2.94,0.12,54.15
666,2.78,0.06,54.21
667,2.26,0.09,54.3
668,1.87,0.07,54.37
669,1.66,0.03,54.4
670,1.59,0.07,54.47
671,1.98,0.06,54.53
672,1.84,0.06,54.6
673,2.24,0.06,54.65
674,2.0,0.1,54.76
675,1.86,0.04,54.8
676,1.04,0.04,54.84
677,1.23,0.02,54.86
678,1.3,0.06,54.92
679,1.42,0.05,54.97
680,1.06,0.04,55.0
681,0.87,0.02,55.03
682,0.73,0.03,55.06
683,0.98,0.02,55.08
684,0.91,0.05,55.12
685,1.13,0.02,55.15
686,0.87,0.04,55.19
687,0.72,0.02,55.21
688,0.49,0.01,55.22
689,0.76,0.02,55.24
690,0.99,0.05,55.29
691,1.04,0.03,55.32
692,0.63,0.03,55.34
693,0.97,0.01,55.35
694,0.78,0.06,55.41
695,1.14,0.01,55.42
696,1.09,0.04,55.46
697,1.67,0.06,55.52
698,1.52,0.07,55.59
699,1.81,0.03,55.61
700,1.95,0.09,55.7
701,2.46,0.08,55.78
702,2.86,0.08,55.86
703,3.12,0.13,55.99
704,2.61,0.11,56.09
705,3.03,0.03,56.12
706,2.93,0.17,56.29
707,3.62,0.1,56.39
708,3.12,0.1,56.48
709,3.24,0.12,56.6
710,2.69,0.11,56.71
711,1.95,0.04,56.75
712,2.12,0.05,56.8
713,2.84,0.13,56.92
714,3.8,0.11,57.04
715,4.94,0.14,57.18
716,4.49,0.24,57.42
717,6.02,0.07,57.49
718,5.5,0.3,57.78
719,9.07,0.19,57.97
720,10.05,0.43,58.39
721,10.69,0.39,58.79
722,7.38,0.25,59.04
723,3.71,0.09,59.13
724,1.54,0.03,59.16
725,1.2,0.03,59.19
726,1.5,0.06,59.25
727,1.75,0.06,59.31
728,1.34,0.06,59.37
729,0.98,0.02,59.38
730,0.66,0.02,59.4
731,1.03,0.03,59.43
732,0.83,0.06,59.49
733,0.97,0.0,59.49
734,0.59,0.04,59.53
735,1.36,0.02,59.55
736,1.97,0.08,59.62
737,2.95,0.1,59.72
738,3.36,0.12,59.84
739,4.02,0.12,59.96
740,3.44,0.17,60.13
741,3.4,0.06,60.19
742,3.11,0.11,60.3
743,3.58,0.14,60.44
744,3.56,0.11,60.54
745,3.34,0.11,60.66
746,2.68,0.12,60.77
747,4.08,0.04,60.81
748,4.71,0.25,61.06
749,5.86,0.18,61.24
750,4.93,0.16,61.4
751,4.7,0.16,61.56
752,3.7,0.16,61.71
753,2.92,0.05,61.77
754,2.28,0.08,61.85
755,2.6,0.09,61.94
756,2.65,0.09,62.03
757,2.65,0.09,62.11
758,2.19,0.09,62.21
759,1.93,0.04,62.25
760,1.83,0.06,62.31
761,2.26,0.08,62.39
762,2.21,0.08,62.47
763,2.09,0.06,62.53
764,1.52,0.07,62.6
765,1.5,0.03,62.62
766,1.33,0.05,62.68
767,1.68,0.05,62.73
768,3.34,0.06,62.79
769,3.68,0.22,63.01
770,3.52,0.09,63.1
771,2.44,0.04,63.14
772,2.51,0.11,63.25
773,2.99,0.1,63.35
774,2.22,0.09,63.44
775,1.58,0.04,63.48
776,0.93,0.03,63.51
777,0.81,0.03,63.53
778,0.73,0.02,63.56
779,0.7,0.02,63.58
780,0.53,0.02,63.6
781,0.53,0.01,63.61
782,0.57,0.02,63.63
783,0.85,0.03,63.66
784,0.7,0.04,63.7
785,0.97,0.01,63.7
786,1.09,0.05,63.76
787,1.91,0.05,63.81
788,1.37,0.09,63.89
789,2.07,0.0,63.89
790,1.93,0.12,64.01
791,3.7,0.08,64.09
792,3.84,0.18,64.27
793,3.52,0.13,64.4
794,1.97,0.04,64.44
795,0.87,0.02,64.46
796,0.88,0.02,64.48
797,0.65,0.04,64.53
798,0.88,0.0,64.53
799,0.66,0.04,64.57
800,0.73,0.02,64.59
801,0.63,0.01,64.6
802,1.24,0.04,64.64
803,2.24,0.08,64.72
804,3.57,0.11,64.82
805,4.02,0.17,64.99
806,3.16,0.13,65.12
807,2.31,0.02,65.14
808,1.34,0.08,65.22
809,1.54,0.03,65.25
810,1.14,0.04,65.29
811,2.66,0.04,65.34
812,2.69,0.18,65.52
813,3.9,0.04,65.56
814,3.38,0.16,65.73
815,5.0,0.13,65.86
816,4.62,0.21,66.06
817,4.42,0.13,66.19
818,2.55,0.11,66.3
819,2.15,0.02,66.32
820,1.81,0.09,66.41
821,2.0,0.08,66.48
822,1.4,0.04,66.52
823,1.22,0.03,66.55
824,1.12,0.06,66.6
825,1.53,0.03,66.63
826,1.74,0.07,66.7
827,2.72,0.08,66.78
829,2.51,0.13,66.9
830,2.0,0.05,66.95
831,0.8,0.03,66.98
832,0.73,0.01,66.98
833,1.25,0.04,67.02
834,2.15,0.08,67.1
835,2.53,0.1,67.2
836,1.93,0.08,67.27
837,1.17,0.02,67.29
838,0.6,0.02,67.31
839,0.99,0.02,67.33
840,1.36,0.06,67.39
841,1.75,0.06,67.45
842,1.36,0.06,67.51
843,1.57,0.02,67.53
844,2.36,0.08,67.61
845,3.26,0.14,67.75
846,4.2,0.11,67.86
847,4.9,0.17,68.03
848,4.44,0.21,68.24
849,3.35,0.06,68.3
850,1.8,0.06,68.36
851,1.99,0.05,68.42
852,2.22,0.08,68.5
853,2.59,0.09,68.58
854,2.0,0.09,68.67
855,1.58,0.02,68.7
856,0.96,0.04,68.74
857,1.34,0.03,68.77
858,2.52,0.06,68.83
859,4.1,0.16,68.99
860,4.38,0.19,69.18
861,3.36,0.09,69.27
862,2.91,0.06,69.33
863,3.21,0.14,69.47
864,3.17,0.12,69.59
865,2.29,0.06,69.65
866,1.17,0.05,69.7
867,1.08,0.01,69.71
868,1.12,0.05,69.75
869,1.49,0.06,69.81
870,1.33,0.04,69.86
871,2.6,0.03,69.89
872,2.83,0.18,70.07
873,2.87,0.07,70.14
874,1.26,0.04,70.17
875,1.26,0.02,70.2
876,2.04,0.07,70.27
877,2.95,0.11,70.38
878,2.92,0.11,70.49
879,2.6,0.06,70.56
880,2.56,0.08,70.64
881,2.61,0.11,70.75
882,2.99,0.07,70.82
883,2.43,0.12,70.94
884,1.95,0.05,70.99
885,1.67,0.02,71.01
886,3.21,0.09,71.1
887,4.83,0.21,71.31
888,4.97,0.18,71.5
889,4.12,0.1,71.6
890,2.7,0.12,71.73
891,2.54,0.04,71.77
892,1.75,0.09,71.86
893,1.96,0.04,71.9
894,1.85,0.06,71.96
895,2.23,0.08,72.04
896,1.93,0.08,72.12
897,1.76,0.03,72.16
898,1.6,0.06,72.22
899,2.2,0.07,72.28
900,3.02,0.09,72.38
901,3.32,0.14,72.52
902,2.66,0.1,72.62
903,1.91,0.03,72.64
904,1.57,0.07,72.71
905,2.08,0.06,72.77
906,2.02,0.08,72.85
907,1.6,0.06,72.91
908,1.01,0.02,72.93
909,0.62,0.02,72.95
910,0.91,0.02,72.97
911,1.22,0.05,73.02
912,1.59,0.05,73.07
913,1.48,0.06,73.13
914,1.18,0.04,73.17
915,0.97,0.02,73.19
916,0.82,0.04,73.23
917,1.06,0.02,73.25
918,1.29,0.04,73.3
919,1.98,0.06,73.36
920,1.91,0.09,73.45
921,1.75,0.04,73.49
922,1.06,0.05,73.54
923,0.82,0.02,73.56
924,0.56,0.01,73.57
925,0.52,0.02,73.59
926,0.59,0.02,73.61
927,0.62,0.02,73.63
928,0.86,0.02,73.65
929,0.86,0.04,73.7
930,0.83,0.02,73.72
931,0.8,0.02,73.74
932,0.67,0.04,73.78
933,1.26,0.01,73.78
934,1.85,0.08,73.86
935,2.45,0.1,73.96
936,1.94,0.07,74.03
937,1.35,0.03,74.06
938,0.89,0.04,74.1
939,0.82,0.02,74.12
940,1.0,0.02,74.14
941,1.39,0.06,74.2
942,1.97,0.06,74.26
943,2.18,0.08,74.33
944,1.78,0.08,74.41
945,2.0,0.02,74.43
946,2.01,0.1,74.53
947,2.09,0.08,74.61
948,1.76,0.03,74.64
949,1.41,0.07,74.71
950,1.37,0.05,74.76
951,1.12,0.02,74.78
952,1.28,0.04,74.82
953,2.24,0.06,74.88
954,2.43,0.12,75.0
955,2.02,0.06,75.07
956,1.01,0.02,75.09
957,0.92,0.02,75.11
958,1.44,0.05,75.16
959,2.47,0.07,75.23
960,2.23,0.12,75.35
961,2.25,0.03,75.38
962,1.35,0.07,75.45
963,2.56,0.03,75.49
964,2.92,0.15,75.64
965,4.88,0.11,75.75
966,4.8,0.23,75.98
967,4.86,0.14,76.12
968,2.9,0.12,76.23
969,2.29,0.03,76.27
970,2.45,0.08,76.35
971,2.92,0.13,76.48
972,2.97,0.08,76.56
973,2.52,0.09,76.64
974,2.07,0.09,76.73
975,1.85,0.03,76.76
976,1.75,0.06,76.83
977,3.3,0.08,76.9
978,3.3,0.19,77.09
979,3.49,0.06,77.16
980,1.93,0.1,77.25
981,1.63,0.03,77.29
982,3.14,0.03,77.32
983,3.37,0.25,77.57
984,3.93,0.06,77.62
985,3.39,0.09,77.71
986,3.28,0.19,77.91
987,2.38,0.04,77.95
988,0.51,0.0,77.95
989,0.27,0.01,77.96
990,0.34,0.02,77.98
991,0.7,0.01,77.99
992,0.56,0.04,78.03
993,0.49,0.01,78.04
994,0.27,0.0,78.04
995,0.21,0.02,78.06
996,0.51,0.0,78.06
997,1.22,0.03,78.09
998,1.28,0.09,78.18
999,1.22,0.01,78.18
1000,0.44,0.02,78.21
1001,0.58,0.01,78.22
1002,0.96,0.02,78.24
1003,1.31,0.06,78.3
1004,1.53,0.05,78.35
1005,1.3,0.04,78.4
1006,1.49,0.04,78.43
1007,1.68,0.07,78.5
1008,1.68,0.06,78.56
1009,1.44,0.04,78.6
1010,0.89,0.04,78.65
1011,0.96,0.01,78.65
1012,1.39,0.05,78.7
1013,2.56,0.09,78.78
1014,3.49,0.12,78.91
1015,4.02,0.14,79.05
1016,3.38,0.14,79.19
1017,2.96,0.06,79.25
1018,2.56,0.1,79.34
1019,3.04,0.1,79.44
1020,2.62,0.11,79.55
1021,2.61,0.05,79.6
1022,2.08,0.1,79.7
1023,2.28,0.05,79.76
1024,2.22,0.07,79.83
1025,2.65,0.09,79.93
1026,2.7,0.1,80.02
1027,2.54,0.08,80.1
1028,1.77,0.08,80.18
1029,2.07,0.02,80.2
1030,3.24,0.11,80.31
1031,4.33,0.19,80.5
1032,4.63,0.13,80.63
1033,3.83,0.14,80.77
1034,2.99,0.11,80.89
1035,2.93,0.04,80.93
1036,2.79,0.13,81.07
1037,2.98,0.1,81.17
1038,2.03,0.06,81.23
1039,1.96,0.04,81.27
1040,1.66,0.09,81.36
1041,2.38,0.03,81.4
1042,2.41,0.11,81.51
1043,2.89,0.1,81.6
1044,2.82,0.08,81.68
1045,2.87,0.11,81.79
1046,2.33,0.1,81.89
1047,2.34,0.03,81.92
1048,2.66,0.11,82.02
1049,3.44,0.13,82.16
1050,2.89,0.11,82.26
1051,1.79,0.05,82.31
1052,0.96,0.02,82.34
1053,0.92,0.02,82.36
1054,1.08,0.05,82.4
1055,0.92,0.04,82.44
1056,0.74,0.01,82.45
1057,0.9,0.03,82.48
1058,1.03,0.06,82.53
1059,0.99,0.02,82.55
1060,2.2,0.02,82.58
1061,3.41,0.18,82.75
1062,3.83,0.14,82.89
1063,2.13,0.07,82.96
1064,1.1,0.01,82.97
1065,0.83,0.04,83.0
1066,1.14,0.04,83.04
1067,1.73,0.04,83.08
1068,1.67,0.1,83.18
1069,2.08,0.03,83.21
1070,1.17,0.08,83.29
1071,1.18,0.01,83.3
1072,0.82,0.03,83.33
1073,1.42,0.04,83.37
1074,1.48,0.07,83.44
1075,1.51,0.04,83.48
1076,0.98,0.05,83.52
1077,0.87,0.01,83.54
1078,0.99,0.03,83.56
1079,1.07,0.06,83.62
1080,1.78,0.02,83.64
1081,2.21,0.1,83.74
1082,2.21,0.1,83.84
1083,2.63,0.02,83.86
1084,3.04,0.14,84.0
1085,3.4,0.14,84.15
1086,2.87,0.06,84.2
1087,2.18,0.09,84.29
1088,2.07,0.07,84.36
1089,1.59,0.05,84.41
1090,1.06,0.04,84.45
1091,1.02,0.02,84.47
1092,0.87,0.04,84.51
1093,1.28,0.02,84.54
1094,1.28,0.06,84.6
1095,1.45,0.04,84.64
1096,1.04,0.04,84.68
1097,0.85,0.02,84.7
1098,0.68,0.02,84.72
1099,0.76,0.02,84.75
1100,0.75,0.03,84.78
1101,0.79,0.02,84.8
1102,1.18,0.03,84.83
1103,1.31,0.07,84.9
1104,1.6,0.03,84.93
1105,1.53,0.06,84.99
1106,1.46,0.06,85.05
1107,1.65,0.03,85.08
1108,1.82,0.08,85.15
1109,2.45,0.08,85.23
1110,2.7,0.09,85.32
1111,3.14,0.1,85.42
1112,2.87,0.12,85.54
1113,3.17,0.06,85.61
1114,2.84,0.13,85.74
1115,2.99,0.09,85.83
1116,2.24,0.08,85.91
1117,1.99,0.06,85.96
1118,1.41,0.06,86.03
1119,1.55,0.02,86.05
1120,1.78,0.07,86.12
1121,2.58,0.09,86.21
1122,2.61,0.1,86.31
1123,3.33,0.07,86.38
1124,3.09,0.16,86.54
1125,4.24,0.08,86.62
1126,3.76,0.19,86.8
1127,3.9,0.11,86.91
1128,2.98,0.09,87.01
1129,2.14,0.1,87.1
1130,1.46,0.03,87.13
1131,0.62,0.02,87.15
1132,0.58,0.01,87.16
1133,0.83,0.02,87.19
1134,0.9,0.05,87.23
1135,0.88,0.02,87.25
1136,0.59,0.02,87.27
1137,0.57,0.02,87.29
1138,0.57,0.02,87.31
1139,0.45,0.02,87.33
1140,0.48,0.01,87.34
1141,0.82,0.02,87.36
1142,0.95,0.05,87.41
1143,0.99,0.02,87.43
1144,0.91,0.03,87.46
1145,0.9,0.04,87.5
1146,0.77,0.02,87.52
1147,0.7,0.01,87.54
1148,0.57,0.04,87.57
1149,1.02,0.01,87.58
1150,2.04,0.06,87.64
1151,3.33,0.14,87.78
1152,3.74,0.14,87.91
1153,2.93,0.1,88.01
1154,1.57,0.06,88.07
1155,1.2,0.0,88.07
1156,0.9,0.06,88.13
1157,1.17,0.03,88.16
1158,0.88,0.03,88.19
1159,1.59,0.03,88.22
1160,1.52,0.1,88.32
1161,1.65,0.02,88.34
1162,1.65,0.04,88.39
1163,2.44,0.1,88.49
1164,3.3,0.1,88.59
1165,3.39,0.13,88.72
1166,3.02,0.11,88.82
1167,2.35,0.06,88.89
1168,2.42,0.06,88.95
1169,2.54,0.12,89.07
1170,2.39,0.07,89.14
1171,2.15,0.05,89.19
1172,1.75,0.09,89.28
1173,1.85,0.03,89.32
1174,1.52,0.06,89.37
1175,1.64,0.06,89.43
1176,1.64,0.05,89.48
1177,1.3,0.06,89.54
1178,1.05,0.02,89.56
1179,0.54,0.02,89.59
1180,0.53,0.01,89.59
1181,0.94,0.02,89.62
1182,1.31,0.06,89.68
1183,1.78,0.04,89.72
1184,1.45,0.07,89.79
1185,2.18,0.03,89.82
1186,3.1,0.12,89.94
1187,4.4,0.16,90.11
1188,4.73,0.16,90.26
1189,4.02,0.15,90.42
1190,2.77,0.09,90.51
1191,1.56,0.03,90.54
1192,1.1,0.03,90.57
1193,1.41,0.05,90.62
1194,1.92,0.06,90.68
1195,1.71,0.08,90.76
1196,1.49,0.03,90.79
1197,0.96,0.04,90.83
1198,1.5,0.03,90.86
1199,1.61,0.08,90.94
1200,2.2,0.05,90.99
1201,2.01,0.09,91.08
1202,1.77,0.06,91.14
1203,1.77,0.03,91.17
1204,2.49,0.09,91.26
1205,3.53,0.13,91.39
1206,4.03,0.13,91.52
1207,4.8,0.14,91.66
1208,4.16,0.21,91.87
1209,3.06,0.07,91.94
1210,1.21,0.03,91.97
1211,1.2,0.02,91.99
1212,1.45,0.07,92.06
1213,1.57,0.05,92.11
1214,0.96,0.04,92.15
1215,0.75,0.01,92.15
1216,0.67,0.03,92.19
1217,0.81,0.03,92.21
1218,0.76,0.02,92.23
1219,0.98,0.03,92.26
1220,1.03,0.05,92.31
1221,1.06,0.03,92.34
1222,0.78,0.03,92.37
1223,0.84,0.02,92.39
1224,1.04,0.03,92.42
1225,1.76,0.05,92.47
1226,1.72,0.09,92.57
1227,2.14,0.03,92.59
1228,2.34,0.09,92.69
1229,3.62,0.11,92.8
1230,3.39,0.15,92.95
1231,2.9,0.07,93.02
1232,1.57,0.07,93.09
1233,1.01,0.02,93.11
1234,0.62,0.01,93.13
1235,1.12,0.03,93.15
1236,2.53,0.07,93.22
1237,3.85,0.16,93.38
1238,4.06,0.16,93.54
1239,4.17,0.09,93.63
1240,4.56,0.17,93.8
1241,5.33,0.2,93.99
1242,4.34,0.17,94.16
1243,2.43,0.07,94.23
1244,0.95,0.01,94.24
1245,0.42,0.02,94.26
1246,0.97,0.01,94.27
1247,0.97,0.06,94.33
1248,1.25,0.02,94.36
1249,0.69,0.04,94.4
1250,0.68,0.01,94.4
1251,0.48,0.02,94.42
1252,0.48,0.02,94.44
1253,0.57,0.01,94.45
1254,0.6,0.03,94.48
1255,0.6,0.02,94.5
1256,0.53,0.01,94.51
1257,0.5,0.02,94.53
1258,1.24,0.02,94.55
1259,1.46,0.08,94.64
1260,1.98,0.04,94.68
1261,1.61,0.07,94.75
1262,1.42,0.04,94.8
1263,1.3,0.02,94.82
1264,1.52,0.06,94.88
1265,1.95,0.07,94.95
1266,2.25,0.07,95.02
1267,2.09,0.09,95.11
1268,1.71,0.05,95.16
1269,1.02,0.03,95.19
1270,0.79,0.02,95.21
1271,1.32,0.03,95.24
1272,1.31,0.08,95.32
1273,1.44,0.02,95.34
1274,1.04,0.04,95.38
1275,1.12,0.04,95.42
1276,1.6,0.03,95.45
1277,1.94,0.09,95.54
1278,2.23,0.07,95.62
1279,1.92,0.06,95.68
1280,1.38,0.06,95.73
1281,1.33,0.02,95.75
1282,1.49,0.05,95.81
1283,1.86,0.07,95.88
1284,1.96,0.06,95.94
1285,1.43,0.06,96.0
1286,1.07,0.02,96.03
1287,0.56,0.02,96.05
1288,0.79,0.01,96.06
1289,0.79,0.04,96.1
1290,0.95,0.02,96.13
1291,1.17,0.03,96.16
1292,1.16,0.07,96.22
1293,1.51,0.02,96.24
1294,1.48,0.06,96.31
1295,2.08,0.06,96.37
1296,1.86,0.08,96.45
1297,1.93,0.04,96.49
1298,1.18,0.07,96.56
1299,1.01,0.01,96.57
1300,1.46,0.02,96.59
1301,1.61,0.12,96.71
1302,1.94,0.02,96.73
1303,1.74,0.06,96.79
1304,1.93,0.09,96.88
1305,1.69,0.04,96.92
1306,0.95,0.03,96.96
1307,2.18,0.02,96.98
1308,2.79,0.16,97.14
1309,3.26,0.09,97.24
1310,1.91,0.07,97.3
1311,1.21,0.03,97.33
1312,0.77,0.02,97.36
1313,1.07,0.02,97.38
1314,0.96,0.06,97.44
1315,0.78,0.01,97.45
1316,0.41,0.01,97.46
1317,0.34,0.02,97.48
1318,0.34,0.01,97.49
1319,0.38,0.01,97.49
1320,0.56,0.02,97.52
1321,0.78,0.02,97.54
1322,0.78,0.03,97.57
1323,1.16,0.02,97.6
1324,1.48,0.06,97.66
1325,1.68,0.06,97.72
1326,1.51,0.04,97.76
1327,0.97,0.05,97.81
1328,0.52,0.01,97.82
1329,0.47,0.0,97.82
1330,0.41,0.04,97.86
1331,0.41,0.0,97.86
1332,0.42,0.0,97.86
1333,0.69,0.04,97.9
1334,0.83,0.03,97.93
1335,0.88,0.01,97.94
1336,1.32,0.05,97.99
1337,1.82,0.07,98.06
1338,1.74,0.06,98.12
1339,1.37,0.04,98.16
1340,0.95,0.03,98.19
1341,0.97,0.02,98.22
1342,1.25,0.04,98.26
1343,1.26,0.06,98.32
1344,1.64,0.02,98.34
1345,1.67,0.08,98.42
1346,1.67,0.06,98.49
1347,1.69,0.02,98.51
1348,1.66,0.08,98.59
1349,1.86,0.06,98.65
1350,1.24,0.04,98.69
1351,1.24,0.02,98.72
1352,1.04,0.06,98.78
1353,1.66,0.02,98.8
1354,1.65,0.08,98.88
1355,2.06,0.06,98.94
1356,1.44,0.06,99.0
1357,0.9,0.02,99.03
1358,0.5,0.01,99.03
1359,0.69,0.02,99.05
1360,1.67,0.04,99.1
1361,2.48,0.1,99.2
1362,3.6,0.1,99.3
1363,3.73,0.15,99.46
1364,3.21,0.12,99.57
1365,3.32,0.05,99.62
1366,3.13,0.16,99.79
1367,3.39,0.1,99.89
1368,2.28,0.08,99.96
1369,1.76,0.05,100.01
1370,1.25,0.05,100.06
1371,0.94,0.03,100.09
1372,0.61,0.02,100.11
1373,1.02,0.01,100.12
1374,1.04,0.07,100.19
1375,1.25,0.02,100.21
1376,0.64,0.03,100.25
1377,1.02,0.01,100.25
1378,1.03,0.06,100.31
1379,1.87,0.04,100.35
1380,1.97,0.09,100.44
1381,3.61,0.07,100.51
1382,3.36,0.2,100.71
1383,3.12,0.07,100.78
1384,2.02,0.05,100.82
1385,2.93,0.09,100.91
1386,2.91,0.16,101.07
1387,2.7,0.05,101.11
1388,1.37,0.07,101.18
1389,1.15,0.02,101.21
1390,0.97,0.02,101.23
1391,1.18,0.05,101.28
1392,1.18,0.04,101.32
1393,0.94,0.02,101.35
1394,0.5,0.03,101.37
1395,0.34,0.0,101.37
1396,0.3,0.01,101.38
1397,0.75,0.02,101.4
1398,0.91,0.04,101.45
1399,0.98,0.02,101.47
1400,0.77,0.03,101.5
1401,1.45,0.02,101.53
1402,1.77,0.09,101.62
1403,2.33,0.06,101.68
1404,2.8,0.08,101.76
1405,3.31,0.14,101.9
1406,2.74,0.11,102.01
1407,2.05,0.02,102.03
1408,1.27,0.07,102.1
1409,1.32,0.04,102.14
1410,1.14,0.03,102.16
1411,1.0,0.05,102.22
1412,0.95,0.02,102.24
1413,1.18,0.02,102.26
1414,2.26,0.07,102.33
1415,3.78,0.13,102.46
1416,4.65,0.17,102.64
1417,4.44,0.16,102.8
1418,3.13,0.11,102.91
1419,1.94,0.04,102.95
1420,1.28,0.04,102.99
1421,1.26,0.04,103.03
1422,0.91,0.04,103.08
1423,1.4,0.01,103.08
1424,1.32,0.09,103.17
1425,2.56,0.03,103.21
1426,2.74,0.13,103.34
1427,3.4,0.11,103.45
1428,2.38,0.1,103.55
1429,1.57,0.03,103.58
1430,0.78,0.03,103.61
1431,2.9,0.02,103.63
1432,3.05,0.24,103.87
1433,3.46,0.04,103.91
1434,1.5,0.06,103.97
1435,3.32,0.04,104.02
1436,3.51,0.23,104.24
1437,3.61,0.08,104.32
1438,1.99,0.05,104.38
1439,2.87,0.06,104.44
1441,3.23,0.17,104.61
1442,3.0,0.09,104.7
1443,1.94,0.04,104.74
1444,1.68,0.06,104.81
1445,1.68,0.06,104.87
1446,1.18,0.04,104.91
1447,1.2,0.01,104.92
1448,1.0,0.06,104.99
1449,1.09,0.02,105.01
1450,1.29,0.02,105.03
1451,1.94,0.08,105.12
1452,1.97,0.09,105.2
1453,1.35,0.02,105.23
1454,0.54,0.02,105.25
1455,0.57,0.01,105.26
1456,0.41,0.03,105.29
1457,0.41,0.01,105.29
1458,0.56,0.01,105.3
1459,1.03,0.04,105.34
1460,1.1,0.05,105.4
1461,1.15,0.01,105.41
1462,1.27,0.05,105.46
1463,1.59,0.07,105.52
1464,1.52,0.05,105.57
1465,1.58,0.04,105.61
1466,1.37,0.07,105.68
1467,1.52,0.03,105.71
1468,1.14,0.05,105.76
1469,1.3,0.03,105.8
1470,1.53,0.04,105.84
1471,2.17,0.08,105.91
1472,2.03,0.1,106.01
1473,1.92,0.03,106.04
1474,1.81,0.07,106.11
1475,1.98,0.09,106.19
1476,1.94,0.04,106.24
1477,1.27,0.06,106.3
1478,1.26,0.02,106.32
1479,1.32,0.04,106.36
1480,1.31,0.07,106.43
1481,2.48,0.02,106.45
1482,2.96,0.16,106.61
1483,3.27,0.12,106.73
1484,1.94,0.05,106.78
1485,1.23,0.02,106.8
1486,1.92,0.05,106.85
1487,2.82,0.12,106.97
1488,4.3,0.12,107.09
1489,4.34,0.19,107.28
1490,3.61,0.12,107.41
1491,2.23,0.04,107.45
1492,1.59,0.06,107.5
1493,2.01,0.06,107.56
1494,2.2,0.08,107.65
1495,2.66,0.08,107.72
1496,2.14,0.11,107.83
1497,2.29,0.03,107.86
1498,3.57,0.09,107.95
1499,4.96,0.23,108.19
1500,5.17,0.17,108.36
1501,4.17,0.11,108.47
1502,2.94,0.13,108.6
1503,2.26,0.05,108.65
1504,1.19,0.04,108.7
1505,1.03,0.03,108.72
1506,1.16,0.03,108.76
1507,0.96,0.06,108.81
1508,0.83,0.01,108.82
1509,0.33,0.02,108.84
1510,0.69,0.01,108.84
1511,0.87,0.04,108.89
1512,0.81,0.04,108.93
1513,0.51,0.0,108.93
1514,0.2,0.01,108.94
1515,0.2,0.01,108.95
1516,0.26,0.0,108.95
1517,0.42,0.02,108.96
1518,0.62,0.02,108.99
1519,1.0,0.02,109.01
1520,0.84,0.06,109.07
1521,1.23,0.01,109.07
1522,1.42,0.06,109.13
1523,2.55,0.08,109.21
1524,2.6,0.12,109.33
1525,2.9,0.06,109.39
1526,2.14,0.11,109.5
1527,1.94,0.04,109.54
1528,1.29,0.04,109.58
1529,1.51,0.04,109.63
1530,1.54,0.07,109.69
1531,1.39,0.05,109.74
1532,0.87,0.03,109.77
1533,0.64,0.01,109.78
1534,0.99,0.02,109.8
1535,1.47,0.06,109.87
1536,2.44,0.06,109.93
1537,3.09,0.12,110.05
1538,2.91,0.13,110.17
1539,2.75,0.04,110.22
1540,1.91,0.11,110.32
1541,2.35,0.04,110.37
1542,2.08,0.09,110.45
1543,2.44,0.08,110.53
1544,1.87,0.08,110.61
1545,1.43,0.03,110.64
1546,1.1,0.03,110.67
1547,1.01,0.05,110.72
1548,1.13,0.02,110.74
1549,0.89,0.05,110.79
1550,0.68,0.02,110.81
1551,0.29,0.0,110.81
1552,0.49,0.01,110.81
1553,0.91,0.04,110.86
1554,1.1,0.04,110.9
1555,0.97,0.03,110.92
1556,0.77,0.03,110.95
1557,1.02,0.02,110.98
1558,1.37,0.05,111.03
1559,1.84,0.06,111.09
1560,2.33,0.07,111.16
1561,2.17,0.1,111.26
1562,1.74,0.05,111.31
1563,1.46,0.03,111.33
1564,1.98,0.07,111.41
1565,2.65,0.1,111.51
1566,3.04,0.09,111.6
1567,2.75,0.11,111.71
1568,2.06,0.07,111.78
1569,1.19,0.02,111.81
1570,0.78,0.02,111.83
1571,0.99,0.03,111.86
1572,1.65,0.05,111.9
1573,2.33,0.09,112.0
1574,2.33,0.1,112.09
1575,2.69,0.05,112.14
1576,2.74,0.13,112.26
1577,3.33,0.1,112.37
1578,3.29,0.1,112.47
1579,3.57,0.12,112.59
1580,3.19,0.13,112.72
1581,3.34,0.07,112.79
1582,3.78,0.14,112.93
1583,5.21,0.17,113.1
1584,5.42,0.21,113.31
1585,5.0,0.16,113.47
1586,3.29,0.13,113.6
1587,1.9,0.04,113.64
1588,1.08,0.02,113.66
1589,1.17,0.05,113.71
1590,1.18,0.05,113.76
1591,1.14,0.02,113.78
1592,1.04,0.05,113.82
1593,0.97,0.04,113.86
1594,0.89,0.01,113.87
1595,0.89,0.04,113.91
1596,0.96,0.04,113.95
1597,1.1,0.02,113.97
1598,0.84,0.05,114.02
1599,1.12,0.01,114.03
1600,1.03,0.05,114.08
1601,1.69,0.04,114.12
1602,1.55,0.08,114.2
1603,1.38,0.03,114.24
1604,0.71,0.03,114.26
1605,0.8,0.01,114.27
1606,0.8,0.04,114.32
1607,0.91,0.03,114.34
1608,0.87,0.02,114.37
1609,1.59,0.04,114.4
1610,1.58,0.1,114.5
1611,2.24,0.02,114.52
1612,2.24,0.1,114.63
1613,3.09,0.1,114.73
1614,2.65,0.11,114.83
1615,2.29,0.06,114.89
1616,1.45,0.06,114.95
1617,1.19,0.02,114.98
1618,0.76,0.03,115.01
1619,0.79,0.02,115.03
1620,1.28,0.03,115.06
1621,1.69,0.08,115.14
1622,1.82,0.06,115.2
1623,2.22,0.04,115.24
1624,2.81,0.12,115.36
1625,3.48,0.12,115.48
1626,3.17,0.11,115.59
1627,3.08,0.09,115.68
1628,2.14,0.11,115.79
1629,1.95,0.01,115.8
1630,1.38,0.07,115.87
1631,1.52,0.05,115.93
1632,1.06,0.03,115.95
1633,1.01,0.02,115.98
1634,0.95,0.05,116.03
1635,0.91,0.02,116.05
1636,1.03,0.02,116.07
1637,1.03,0.06,116.13
1638,1.4,0.02,116.15
1639,1.31,0.06,116.21
1640,1.17,0.05,116.26
1641,1.2,0.01,116.27
1642,1.75,0.06,116.33
1643,2.83,0.11,116.44
1644,3.57,0.11,116.55
1645,4.72,0.13,116.69
1646,4.34,0.22,116.91
1647,3.96,0.08,116.98
1648,2.64,0.1,117.08
1649,3.14,0.09,117.17
1650,3.09,0.13,117.3
1651,2.95,0.09,117.39
1652,1.89,0.08,117.47
1653,1.43,0.02,117.49
1654,1.44,0.05,117.53
1655,2.02,0.08,117.61
1656,2.44,0.08,117.69
1657,2.34,0.09,117.78
1658,1.91,0.07,117.85
1659,3.18,0.03,117.88
1660,3.39,0.22,118.1
1661,3.73,0.09,118.18
1662,2.24,0.07,118.25
1663,1.98,0.07,118.32
1664,1.51,0.06,118.38
1665,1.05,0.02,118.4
1666,2.02,0.02,118.42
1667,2.47,0.16,118.58
1668,2.67,0.07,118.65
1669,1.33,0.04,118.69
1670,0.88,0.03,118.72
1671,0.9,0.02,118.74
1672,1.03,0.04,118.78
1674,1.23,0.04,118.82
1675,1.11,0.04,118.86
1676,0.72,0.03,118.89
1677,0.78,0.0,118.89
1678,0.73,0.05,118.94
1679,0.95,0.03,118.97
1680,1.2,0.02,118.99
1681,1.62,0.07,119.06
1682,1.84,0.07,119.13
1683,1.95,0.04,119.17
1684,1.99,0.08,119.26
1685,3.09,0.07,119.33
1686,3.08,0.15,119.48
1687,2.86,0.08,119.56
1688,1.46,0.05,119.61
1689,1.18,0.01,119.63
1690,1.46,0.06,119.68
1691,2.15,0.08,119.76
1692,2.32,0.08,119.84
1693,1.96,0.07,119.91
1694,1.26,0.04,119.95
1695,1.2,0.01,119.97
1696,1.69,0.07,120.03
1697,2.9,0.09,120.12
1698,2.97,0.13,120.26
1699,3.2,0.07,120.33
1700,2.51,0.11,120.44
1701,3.03,0.06,120.51
1702,2.77,0.13,120.63
1703,2.67,0.09,120.72
1704,2.19,0.05,120.77
1705,2.08,0.08,120.85
1706,1.81,0.07,120.93
1707,1.74,0.03,120.95
1708,1.96,0.07,121.03
1709,2.46,0.1,121.12
1710,2.61,0.08,121.2
1711,3.21,0.09,121.29
1712,2.78,0.16,121.44
1713,3.19,0.03,121.48
1714,2.98,0.13,121.61
1715,3.68,0.14,121.74
1716,3.16,0.1,121.85
1717,3.08,0.08,121.92
1718,2.27,0.13,122.05
1719,2.39,0.02,122.07
1720,2.05,0.09,122.16
1721,3.38,0.09,122.25
1722,3.03,0.16,122.41
1723,5.01,0.05,122.46
1724,4.4,0.29,122.76
1725,5.2,0.1,122.85
1726,3.67,0.13,122.98
1727,4.48,0.14,123.12
1728,5.07,0.18,123.3
1729,5.64,0.19,123.49
1730,4.71,0.2,123.69
1731,3.67,0.08,123.77
1732,2.07,0.09,123.86
1733,1.67,0.04,123.9
1734,1.18,0.04,123.94
1735,1.01,0.04,123.98
1736,0.78,0.02,124.0
1737,0.92,0.02,124.01
1738,0.92,0.05,124.07
1739,0.97,0.02,124.09
1740,0.84,0.02,124.11
1741,0.87,0.04,124.15
1742,0.64,0.02,124.18
1743,0.61,0.0,124.18
1744,0.57,0.04,124.21
1745,0.79,0.02,124.23
1746,0.59,0.02,124.25
1747,0.46,0.02,124.27
1748,0.43,0.01,124.28
1749,0.82,0.02,124.3
1750,1.52,0.06,124.35
1751,1.82,0.08,124.43
1752,1.88,0.05,124.48
1753,2.43,0.06,124.54
1754,2.15,0.13,124.67
1755,2.27,0.02,124.69
1756,1.71,0.08,124.77
1757,2.08,0.08,124.85
1758,1.53,0.06,124.9
1759,1.15,0.02,124.92
1760,0.58,0.04,124.96
1761,0.58,0.0,124.96
1762,0.77,0.02,124.98
1763,1.35,0.06,125.04
1764,2.11,0.06,125.1
1765,1.95,0.1,125.19
1766,1.57,0.04,125.23
1767,1.0,0.02,125.25
1768,1.98,0.04,125.29
1769,2.57,0.14,125.43
1770,2.89,0.08,125.51
1771,2.36,0.07,125.58
1772,1.81,0.09,125.67
1773,1.76,0.02,125.69
1774,1.36,0.07,125.76
1775,1.12,0.05,125.8
1776,0.86,0.0,125.8
1777,1.08,0.04,125.84
1778,1.36,0.07,125.91
1779,1.3,0.03,125.94
1780,1.08,0.03,125.97
1781,1.87,0.05,126.02
1782,2.3,0.11,126.13
1783,2.29,0.08,126.2
1784,1.42,0.05,126.25
1785,1.06,0.02,126.27
1786,1.05,0.04,126.31
1787,1.42,0.04,126.35
1788,1.66,0.06,126.41
1789,1.92,0.06,126.47
1790,1.55,0.07,126.54
1791,1.64,0.02,126.57
1792,1.45,0.07,126.64
1793,1.99,0.05,126.69
1794,1.88,0.07,126.76
1795,1.58,0.06,126.83
1796,0.91,0.02,126.85
1797,0.9,0.01,126.86
1798,0.89,0.06,126.92
1799,1.43,0.02,126.94
1800,1.23,0.06,127.0
1801,1.65,0.04,127.04
1802,1.45,0.06,127.1
1803,1.46,0.04,127.14
1804,1.48,0.04,127.19
1805,2.34,0.06,127.25
1806,2.88,0.13,127.38
1807,2.7,0.1,127.47
1808,1.63,0.05,127.52
1809,0.88,0.02,127.54
1810,1.03,0.02,127.56
1811,1.38,0.06,127.62
1812,1.63,0.06,127.68
1813,1.35,0.05,127.72
1814,0.94,0.03,127.76
1815,0.82,0.01,127.77
1816,1.1,0.03,127.81
1817,2.15,0.06,127.87
1818,2.65,0.12,127.99
1819,3.24,0.08,128.07
1820,2.4,0.12,128.19
1821,1.9,0.03,128.23
1822,1.09,0.03,128.26
1823,1.22,0.04,128.3
1824,1.15,0.05,128.35
1825,1.45,0.03,128.38
1826,1.11,0.07,128.45
1827,1.05,0.01,128.46
1828,0.9,0.02,128.48
1829,1.87,0.05,128.54
1830,3.15,0.11,128.65
1831,3.76,0.15,128.8
1832,2.95,0.12,128.91
1833,1.96,0.03,128.94
1834,1.88,0.05,128.99
1835,2.45,0.11,129.1
1836,2.37,0.09,129.19
1837,2.11,0.04,129.23
1838,1.53,0.08,129.31
1839,1.25,0.03,129.34
1840,1.2,0.01,129.35
1841,2.16,0.08,129.43
1842,3.45,0.13,129.56
1843,4.53,0.14,129.7
1844,3.98,0.19,129.88
1845,3.99,0.07,129.95
1846,2.92,0.14,130.1
1847,2.68,0.08,130.18
1848,1.77,0.05,130.22
1849,1.19,0.05,130.28
1850,0.73,0.02,130.3
1851,0.84,0.0,130.3
1852,1.18,0.06,130.36
1853,1.61,0.05,130.41
1854,1.18,0.04,130.46
1855,1.04,0.02,130.48
1856,0.85,0.04,130.52
1857,1.23,0.02,130.54
1858,1.46,0.06,130.6
1859,1.69,0.06,130.66
1860,1.17,0.05,130.71
1861,1.35,0.01,130.72
1862,1.3,0.08,130.8
1863,1.65,0.04,130.84
1864,1.44,0.04,130.88
1865,1.84,0.06,130.94
1866,1.71,0.08,131.02
1867,1.23,0.03,131.05
1868,0.42,0.01,131.07
1869,0.2,0.0,131.07
1870,0.28,0.01,131.07
1871,0.48,0.02,131.09
1872,0.63,0.02,131.11
1873,0.66,0.02,131.14
1874,0.51,0.02,131.16
1875,0.69,0.01,131.17
1876,0.97,0.04,131.2
1877,1.47,0.05,131.26
1878,1.42,0.06,131.31
1879,1.62,0.03,131.35
1880,1.18,0.07,131.42
1881,1.31,0.01,131.43
1882,0.73,0.05,131.48
1883,1.04,0.01,131.49
1884,1.4,0.04,131.54
1885,2.52,0.08,131.62
1886,2.69,0.13,131.74
1887,2.27,0.06,131.8
1888,1.54,0.04,131.84
1889,1.46,0.05,131.9
1890,1.52,0.05,131.95
1891,1.28,0.05,132.0
1892,0.82,0.03,132.03
1893,0.63,0.01,132.03
1894,0.69,0.03,132.06
1895,0.96,0.03,132.09
1896,1.11,0.03,132.13
1897,1.01,0.04,132.17
1898,0.67,0.02,132.2
1899,0.46,0.0,132.2
1900,0.35,0.02,132.22
1901,0.6,0.01,132.23
1902,0.73,0.03,132.26
1903,0.8,0.03,132.29
1904,0.77,0.02,132.31
1905,0.96,0.02,132.33
1906,1.57,0.05,132.39
1907,2.18,0.08,132.47
1908,2.62,0.08,132.55
1909,2.25,0.1,132.65
1910,1.49,0.05,132.69
1911,0.77,0.01,132.7
1912,0.52,0.02,132.72
1913,0.66,0.02,132.75
1914,0.54,0.02,132.77
1915,0.62,0.01,132.78
1916,0.49,0.03,132.81
1917,0.55,0.01,132.81
1918,1.52,0.02,132.83
1919,2.73,0.13,132.96
1920,3.55,0.13,133.09
1921,3.2,0.1,133.19
1922,2.16,0.09,133.28
1923,1.75,0.02,133.3
1924,1.08,0.06,133.36
1925,1.65,0.02,133.39
1926,2.38,0.08,133.47
1927,3.5,0.13,133.6
1928,3.08,0.13,133.74
1929,2.52,0.04,133.78
1930,2.05,0.08,133.86
1931,2.17,0.09,133.94
1932,1.6,0.05,133.99
1933,1.35,0.02,134.02
1934,1.04,0.06,134.08
1935,1.32,0.02,134.1
1936,1.17,0.05,134.15
1937,1.74,0.05,134.19
1938,1.56,0.08,134.27
1939,1.74,0.03,134.3
1940,1.17,0.06,134.37
1941,1.04,0.02,134.39
1942,0.98,0.02,134.41
1943,1.23,0.06,134.47
1944,1.32,0.05,134.51
1945,1.52,0.03,134.54
1946,1.25,0.08,134.62
1947,1.75,0.02,134.64
1948,1.93,0.08,134.71
1949,2.17,0.1,134.81
1950,1.78,0.04,134.85
1951,1.1,0.04,134.89
1952,0.73,0.03,134.92
1953,0.61,0.01,134.93
1954,0.53,0.03,134.95
1955,0.79,0.02,134.97
1956,0.89,0.03,135.01
1957,1.02,0.04,135.04
1958,0.76,0.03,135.08
1959,0.59,0.01,135.08
1960,0.46,0.02,135.1
1961,0.66,0.02,135.12
1962,0.84,0.03,135.15
1963,1.41,0.04,135.19
1964,1.34,0.08,135.26
1965,1.65,0.02,135.28
1966,2.12,0.07,135.35
1967,3.01,0.12,135.47
1968,3.42,0.11,135.58
1969,3.29,0.11,135.69
1970,2.53,0.11,135.8
1971,2.2,0.03,135.84
1972,2.03,0.08,135.91
1973,2.3,0.09,136.01
1974,2.04,0.06,136.07
1975,1.67,0.05,136.12
1976,1.35,0.06,136.17
1977,1.18,0.03,136.2
1978,1.85,0.03,136.23
1979,2.82,0.12,136.36
1980,3.39,0.12,136.48
1981,3.3,0.09,136.57
1982,2.3,0.12,136.69
1983,1.98,0.02,136.71
1984,2.04,0.06,136.77
1985,2.93,0.12,136.89
1986,3.43,0.11,137.01
1987,2.97,0.11,137.11
1988,2.11,0.08,137.19
1989,1.24,0.03,137.22
1990,0.77,0.02,137.24
1991,1.01,0.03,137.27
1992,1.43,0.05,137.32
1993,2.66,0.06,137.38
1994,2.6,0.15,137.53
1995,2.36,0.05,137.58
1996,1.6,0.04,137.62
1997,2.39,0.07,137.69
1998,3.54,0.13,137.82
1999,4.76,0.16,137.97
2000,4.15,0.2,138.17
2001,3.7,0.06,138.23
2002,3.98,0.11,138.34
2003,4.94,0.22,138.57
2004,5.41,0.16,138.73
2005,4.73,0.16,138.88
2006,3.92,0.15,139.04
2007,3.39,0.08,139.12
2008,3.0,0.1,139.22
2009,2.66,0.12,139.34
2010,1.85,0.04,139.38
2011,1.07,0.02,139.41
2012,0.82,0.04,139.44
2013,1.16,0.02,139.46
2014,1.55,0.06,139.52
2015,2.13,0.08,139.6
2016,2.16,0.08,139.68
2017,1.84,0.06,139.74
2018,1.27,0.05,139.78
2019,0.87,0.02,139.8
2020,0.86,0.02,139.82
2021,1.07,0.04,139.87
2022,1.26,0.04,139.91
2023,1.37,0.04,139.95
2024,1.08,0.06,140.01
2025,1.32,0.01,140.02
2026,1.26,0.06,140.08
2027,3.11,0.05,140.13
2028,4.33,0.2,140.33
2029,5.25,0.18,140.52
2030,3.48,0.14,140.66
2031,2.66,0.02,140.68
2032,2.01,0.1,140.78
2033,2.56,0.08,140.86
2034,1.94,0.08,140.94
2035,2.35,0.04,140.98
2036,1.99,0.12,141.09
2037,2.42,0.04,141.13
2038,2.49,0.08,141.22
2039,2.99,0.12,141.34
2040,3.23,0.09,141.43
2041,3.07,0.11,141.54
2042,2.51,0.11,141.65
2043,2.23,0.03,141.68
2044,2.67,0.08,141.76
2045,4.0,0.15,141.92
2046,4.19,0.17,142.08
2047,3.74,0.1,142.18
2048,2.28,0.11,142.29
2049,2.58,0.02,142.31
2050,2.31,0.13,142.44
2051,2.84,0.08,142.52
2052,2.46,0.08,142.6
2053,3.25,0.09,142.69
2054,2.96,0.16,142.85
2055,2.8,0.05,142.89
2056,1.56,0.07,142.97
2057,1.74,0.04,143.0
2058,1.47,0.07,143.07
2059,1.37,0.05,143.11
2060,0.85,0.03,143.14
2061,0.54,0.01,143.15
2062,0.5,0.01,143.17
2063,0.8,0.02,143.19
2064,0.8,0.04,143.23
2065,1.06,0.01,143.25
2066,0.76,0.05,143.29
2067,0.93,0.01,143.31
2068,1.1,0.03,143.34
2069,1.61,0.07,143.4
2070,1.74,0.07,143.47
2071,1.31,0.04,143.51
2072,0.88,0.02,143.54
2073,0.68,0.02,143.56
2074,0.88,0.02,143.58
2075,0.91,0.04,143.62
2076,1.13,0.03,143.65
2077,1.23,0.04,143.69
2078,1.23,0.05,143.75
2079,1.4,0.03,143.77
2080,1.7,0.06,143.83
2081,1.7,0.08,143.92
2082,1.99,0.03,143.94
2083,2.49,0.09,144.03
2084,2.77,0.13,144.17
2085,2.92,0.05,144.22
2086,2.55,0.11,144.33
2087,3.04,0.09,144.42
2088,2.69,0.1,144.52
2089,2.35,0.07,144.59
2090,1.61,0.06,144.66
2091,1.44,0.03,144.68
2092,1.84,0.05,144.74
2093,2.55,0.1,144.84
2094,2.23,0.1,144.94
2095,2.48,0.02,144.96
2096,2.09,0.13,145.09
2097,3.31,0.06,145.15
2098,4.28,0.14,145.29
2099,5.47,0.22,145.51
2100,5.07,0.18,145.7
2101,3.34,0.1,145.8
2102,1.76,0.05,145.85
2103,1.25,0.02,145.87
2104,1.15,0.05,145.92
2105,1.19,0.04,145.96
2106,0.91,0.03,145.99
2107,0.71,0.02,146.02
2108,0.83,0.02,146.04
2109,0.66,0.04,146.07
2110,0.87,0.01,146.08
2111,0.69,0.04,146.12
2112,0.82,0.02,146.14
2113,0.6,0.02,146.16
2114,0.46,0.02,146.18
2115,0.68,0.01,146.19
2116,0.81,0.04,146.23
2117,1.23,0.03,146.26
2118,1.02,0.05,146.31
2119,0.75,0.02,146.33
2120,0.27,0.01,146.34
2121,0.28,0.0,146.34
2122,0.82,0.02,146.36
2123,1.24,0.06,146.42
2124,1.58,0.04,146.46
2125,1.49,0.06,146.52
2126,1.35,0.05,146.57
2127,1.26,0.03,146.6
2128,1.37,0.05,146.65
2129,1.66,0.06,146.71
2130,1.64,0.06,146.76
2131,1.22,0.04,146.81
2132,0.79,0.02,146.83
2133,0.77,0.01,146.84
2134,0.77,0.04,146.89
2135,0.87,0.02,146.91
2136,0.58,0.02,146.93
2137,1.01,0.01,146.94
2138,0.98,0.06,147.01
2139,1.88,0.02,147.03
2140,1.79,0.1,147.13
2141,2.23,0.05,147.19
2142,1.53,0.07,147.25
2143,1.71,0.03,147.28
2144,1.35,0.07,147.36
2145,1.51,0.03,147.39
2146,1.14,0.05,147.44
2147,1.14,0.03,147.47
2148,0.86,0.03,147.5
2149,0.65,0.02,147.52
2150,0.36,0.01,147.54
2151,0.21,0.0,147.54
2152,0.29,0.01,147.54
2153,0.71,0.02,147.56
2154,1.69,0.04,147.61
2155,2.43,0.11,147.71
2156,2.47,0.1,147.81
2157,2.46,0.05,147.85
2158,1.71,0.1,147.96
2159,1.66,0.02,147.98
2160,0.83,0.04,148.02
2161,1.69,0.02,148.04
2162,1.52,0.11,148.15
2163,2.55,0.02,148.17
2164,2.81,0.12,148.3
2165,4.04,0.13,148.43
2166,4.39,0.15,148.58
2167,4.17,0.16,148.73
2168,3.11,0.11,148.85
2169,2.12,0.04,148.89
2170,1.67,0.06,148.95
2171,1.97,0.07,149.01
2172,2.06,0.07,149.08
2173,2.21,0.07,149.15
2174,1.85,0.08,149.23
2175,1.82,0.03,149.27
2176,1.43,0.07,149.34
2177,2.1,0.04,149.38
2178,2.36,0.1,149.48
2179,2.78,0.09,149.57
2180,1.98,0.08,149.65
2181,1.41,0.02,149.68
2182,0.92,0.04,149.71
2183,1.06,0.04,149.75
2184,0.99,0.04,149.78
2185,1.1,0.03,149.81
2186,1.19,0.05,149.86
2187,1.42,0.04,149.9
2188,1.45,0.05,149.95
2189,1.6,0.05,150.0
2190,1.63,0.06,150.06
2191,1.77,0.05,150.12
2192,1.44,0.06,150.18
2193,1.91,0.03,150.21
2194,2.2,0.1,150.31
2195,2.48,0.09,150.4
2196,2.05,0.05,150.45
2197,1.69,0.06,150.51
2198,1.41,0.06,150.57
2199,1.1,0.03,150.59
2200,1.03,0.03,150.62
2201,1.34,0.05,150.67
2202,1.55,0.06,150.73
2203,2.06,0.05,150.78
2204,1.69,0.1,150.88
2205,2.05,0.02,150.9
2206,2.17,0.08,150.98
2207,2.64,0.11,151.09
2208,2.64,0.07,151.16
2209,2.1,0.08,151.25
2210,1.41,0.06,151.3
